rainfall_24h,soil_moisture,slope_steepness,vegetation_index,landslide_occurred
0.0,30.0,35.0,0.6,0
0.0,30.0,35.0,0.6,0
0.0,30.0,35.0,0.6,0
0.0,30.0,35.0,0.6,0
0.0,30.0,35.0,0.6,0
0.4,30.32,35.0,0.6,0
1.8,31.44,35.0,0.6,0
11.4,39.120000000000005,35.0,0.6,0
10.1,38.08,35.0,0.6,0
9.1,37.28,35.0,0.6,0
27.0,51.6,35.0,0.6,0
28.8,53.040000000000006,35.0,0.6,0
16.3,43.04,35.0,0.6,0
6.5,35.2,35.0,0.6,0
2.8,32.24,35.0,0.6,0
9.9,37.92,35.0,0.6,0
1.1,30.88,35.0,0.6,0
1.7,31.36,35.0,0.6,0
19.3,45.44,35.0,0.6,0
30.5,54.400000000000006,35.0,0.6,0
4.1,33.28,35.0,0.6,0
0.1,30.08,35.0,0.6,0
0.5,30.4,35.0,0.6,0
1.3,31.04,35.0,0.6,0
0.5,30.4,35.0,0.6,0
0.0,30.0,35.0,0.6,0
0.0,30.0,35.0,0.6,0
0.0,30.0,35.0,0.6,0
0.8,30.64,35.0,0.6,0
0.0,30.0,35.0,0.6,0
0.0,30.0,35.0,0.6,0
0.0,30.0,35.0,0.6,0
0.0,30.0,35.0,0.6,0
0.0,30.0,35.0,0.6,0
0.0,30.0,35.0,0.6,0
1.1,30.88,35.0,0.6,0
13.4,40.72,35.0,0.6,0
1.7,31.36,35.0,0.6,0
0.0,30.0,35.0,0.6,0
0.0,30.0,35.0,0.6,0
0.0,30.0,35.0,0.6,0
0.5,30.4,35.0,0.6,0
3.5,32.8,35.0,0.6,0
3.5,32.8,35.0,0.6,0
7.1,35.68,35.0,0.6,0
2.7,32.16,35.0,0.6,0
6.2,34.96,35.0,0.6,0
11.7,39.36,35.0,0.6,0
0.0,30.0,35.0,0.6,0
0.2,30.16,35.0,0.6,0
0.0,30.0,35.0,0.6,0
0.0,30.0,35.0,0.6,0
0.0,30.0,35.0,0.6,0
0.2,30.16,35.0,0.6,0
0.0,30.0,35.0,0.6,0
1.2,30.96,35.0,0.6,0
5.6,34.48,35.0,0.6,0
21.5,47.2,35.0,0.6,0
58.5,76.80000000000001,35.0,0.6,1
58.4,76.72,35.0,0.6,1
15.3,42.24,35.0,0.6,0
0.0,30.0,35.0,0.6,0
3.4,32.72,35.0,0.6,0
28.0,52.400000000000006,35.0,0.6,0
8.1,36.480000000000004,35.0,0.6,0
4.8,33.84,35.0,0.6,0
9.4,37.52,35.0,0.6,0
9.5,37.6,35.0,0.6,0
56.0,74.80000000000001,35.0,0.6,1
41.3,63.04,35.0,0.6,0
1.7,31.36,35.0,0.6,0
32.2,55.760000000000005,35.0,0.6,0
8.2,36.56,35.0,0.6,0
10.7,38.56,35.0,0.6,0
13.9,41.120000000000005,35.0,0.6,0
15.0,42.0,35.0,0.6,0
5.8,34.64,35.0,0.6,0
3.3,32.64,35.0,0.6,0
6.0,34.8,35.0,0.6,0
2.5,32.0,35.0,0.6,0
0.4,30.32,35.0,0.6,0
11.2,38.96,35.0,0.6,0
2.7,32.16,35.0,0.6,0
0.3,30.24,35.0,0.6,0
0.0,30.0,35.0,0.6,0
0.1,30.08,35.0,0.6,0
3.7,32.96,35.0,0.6,0
1.2,30.96,35.0,0.6,0
40.6,62.480000000000004,35.0,0.6,0
77.6,92.08,35.0,0.6,1
30.2,54.16,35.0,0.6,0
0.1,30.08,35.0,0.6,0
0.7,30.56,35.0,0.6,0
0.0,30.0,35.0,0.6,0
0.1,30.08,35.0,0.6,0
0.0,30.0,35.0,0.6,0
0.0,30.0,35.0,0.6,0
10.6,38.480000000000004,35.0,0.6,0
1.9,31.52,35.0,0.6,0
0.0,30.0,35.0,0.6,0
0.0,30.0,35.0,0.6,0
0.3,30.24,35.0,0.6,0
0.2,30.16,35.0,0.6,0
0.0,30.0,35.0,0.6,0
2.3,31.84,35.0,0.6,0
3.7,32.96,35.0,0.6,0
21.2,46.96,35.0,0.6,0
52.6,72.08000000000001,35.0,0.6,0
18.9,45.12,35.0,0.6,0
12.7,40.16,35.0,0.6,0
4.4,33.52,35.0,0.6,0
1.1,30.88,35.0,0.6,0
0.0,30.0,35.0,0.6,0
2.1,31.68,35.0,0.6,0
1.0,30.8,35.0,0.6,0
0.2,30.16,35.0,0.6,0
3.6,32.88,35.0,0.6,0
0.3,30.24,35.0,0.6,0
0.3,30.24,35.0,0.6,0
0.0,30.0,35.0,0.6,0
0.5,30.4,35.0,0.6,0
1.4,31.12,35.0,0.6,0
18.7,44.96,35.0,0.6,0
31.2,54.96,35.0,0.6,0
1.5,31.2,35.0,0.6,0
25.2,50.16,35.0,0.6,0
31.6,55.28,35.0,0.6,0
75.0,90.0,35.0,0.6,1
53.3,72.64,35.0,0.6,0
30.9,54.72,35.0,0.6,0
29.2,53.36,35.0,0.6,0
53.3,72.64,35.0,0.6,0
81.5,95.0,35.0,0.6,1
59.9,77.92,35.0,0.6,1
23.1,48.480000000000004,35.0,0.6,0
51.6,71.28,35.0,0.6,0
33.4,56.72,35.0,0.6,0
59.3,77.44,35.0,0.6,1
27.0,51.6,35.0,0.6,0
16.8,43.44,35.0,0.6,0
28.4,52.72,35.0,0.6,0
1.9,31.52,35.0,0.6,0
0.4,30.32,35.0,0.6,0
0.4,30.32,35.0,0.6,0
8.4,36.72,35.0,0.6,0
10.4,38.32,35.0,0.6,0
61.9,79.52000000000001,35.0,0.6,1
32.8,56.239999999999995,35.0,0.6,0
8.7,36.96,35.0,0.6,0
5.0,34.0,35.0,0.6,0
28.1,52.480000000000004,35.0,0.6,0
38.2,60.56,35.0,0.6,0
83.4,95.0,35.0,0.6,1
56.1,74.88,35.0,0.6,1
67.3,83.84,35.0,0.6,1
77.4,91.92000000000002,35.0,0.6,1
53.6,72.88,35.0,0.6,0
71.1,86.88,35.0,0.6,1
29.0,53.2,35.0,0.6,0
6.8,35.44,35.0,0.6,0
1.3,31.04,35.0,0.6,0
8.6,36.88,35.0,0.6,0
19.7,45.76,35.0,0.6,0
13.5,40.8,35.0,0.6,0
3.4,32.72,35.0,0.6,0
10.3,38.24,35.0,0.6,0
40.9,62.72,35.0,0.6,0
40.5,62.4,35.0,0.6,0
24.0,49.2,35.0,0.6,0
19.1,45.28,35.0,0.6,0
9.5,37.6,35.0,0.6,0
6.2,34.96,35.0,0.6,0
9.3,37.44,35.0,0.6,0
24.7,49.760000000000005,35.0,0.6,0
13.6,40.88,35.0,0.6,0
23.6,48.88,35.0,0.6,0
10.4,38.32,35.0,0.6,0
12.5,40.0,35.0,0.6,0
31.0,54.8,35.0,0.6,0
114.8,95.0,35.0,0.6,1
146.5,95.0,35.0,0.6,1
36.8,59.44,35.0,0.6,0
47.6,68.08000000000001,35.0,0.6,0
33.6,56.88,35.0,0.6,0
11.3,39.04,35.0,0.6,0
9.9,37.92,35.0,0.6,0
18.0,44.4,35.0,0.6,0
20.5,46.400000000000006,35.0,0.6,0
27.7,52.16,35.0,0.6,0
13.1,40.480000000000004,35.0,0.6,0
14.4,41.52,35.0,0.6,0
42.9,64.32,35.0,0.6,0
6.3,35.04,35.0,0.6,0
21.9,47.519999999999996,35.0,0.6,0
30.7,54.56,35.0,0.6,0
24.1,49.28,35.0,0.6,0
12.6,40.08,35.0,0.6,0
68.5,84.80000000000001,35.0,0.6,1
26.0,50.8,35.0,0.6,0
105.3,95.0,35.0,0.6,1
8.4,36.72,35.0,0.6,0
13.7,40.96,35.0,0.6,0
15.5,42.4,35.0,0.6,0
3.3,32.64,35.0,0.6,0
4.3,33.44,35.0,0.6,0
13.6,40.88,35.0,0.6,0
17.3,43.84,35.0,0.6,0
25.6,50.480000000000004,35.0,0.6,0
7.5,36.0,35.0,0.6,0
12.4,39.92,35.0,0.6,0
38.9,61.120000000000005,35.0,0.6,0
13.7,40.96,35.0,0.6,0
7.4,35.92,35.0,0.6,0
8.1,36.480000000000004,35.0,0.6,0
3.2,32.56,35.0,0.6,0
8.9,37.120000000000005,35.0,0.6,0
0.4,30.32,35.0,0.6,0
2.2,31.76,35.0,0.6,0
4.4,33.52,35.0,0.6,0
32.8,56.239999999999995,35.0,0.6,0
6.7,35.36,35.0,0.6,0
7.4,35.92,35.0,0.6,0
12.3,39.84,35.0,0.6,0
43.0,64.4,35.0,0.6,0
43.3,64.64,35.0,0.6,0
87.6,95.0,35.0,0.6,1
155.4,95.0,35.0,0.6,1
80.2,94.16000000000001,35.0,0.6,1
26.2,50.96,35.0,0.6,0
48.1,68.48,35.0,0.6,0
83.3,95.0,35.0,0.6,1
82.6,95.0,35.0,0.6,1
52.9,72.32,35.0,0.6,0
24.2,49.36,35.0,0.6,0
149.0,95.0,35.0,0.6,1
48.5,68.80000000000001,35.0,0.6,0
109.5,95.0,35.0,0.6,1
229.9,95.0,35.0,0.6,1
28.2,52.56,35.0,0.6,0
64.5,81.6,35.0,0.6,1
27.6,52.08,35.0,0.6,0
20.2,46.16,35.0,0.6,0
7.1,35.68,35.0,0.6,0
17.8,44.24,35.0,0.6,0
53.8,73.03999999999999,35.0,0.6,0
2.1,31.68,35.0,0.6,0
8.8,37.04,35.0,0.6,0
19.2,45.36,35.0,0.6,0
14.0,41.2,35.0,0.6,0
68.0,84.4,35.0,0.6,1
11.7,39.36,35.0,0.6,0
15.5,42.4,35.0,0.6,0
1.3,31.04,35.0,0.6,0
0.0,30.0,35.0,0.6,0
0.3,30.24,35.0,0.6,0
1.7,31.36,35.0,0.6,0
2.0,31.6,35.0,0.6,0
4.2,33.36,35.0,0.6,0
9.5,37.6,35.0,0.6,0
10.9,38.72,35.0,0.6,0
7.5,36.0,35.0,0.6,0
2.5,32.0,35.0,0.6,0
0.3,30.24,35.0,0.6,0
2.0,31.6,35.0,0.6,0
0.7,30.56,35.0,0.6,0
2.9,32.32,35.0,0.6,0
1.6,31.28,35.0,0.6,0
1.4,31.12,35.0,0.6,0
1.8,31.44,35.0,0.6,0
2.6,32.08,35.0,0.6,0
0.8,30.64,35.0,0.6,0
5.8,34.64,35.0,0.6,0
0.3,30.24,35.0,0.6,0
2.5,32.0,35.0,0.6,0
22.0,47.6,35.0,0.6,0
9.6,37.68,35.0,0.6,0
3.3,32.64,35.0,0.6,0
0.7,30.56,35.0,0.6,0
13.5,40.8,35.0,0.6,0
4.3,33.44,35.0,0.6,0
7.8,36.24,35.0,0.6,0
26.2,50.96,35.0,0.6,0
20.3,46.24,35.0,0.6,0
1.4,31.12,35.0,0.6,0
0.0,30.0,35.0,0.6,0
0.0,30.0,35.0,0.6,0
0.0,30.0,35.0,0.6,0
0.0,30.0,35.0,0.6,0
0.3,30.24,35.0,0.6,0
0.9,30.72,35.0,0.6,0
17.9,44.32,35.0,0.6,0
126.7,95.0,35.0,0.6,1
69.0,85.2,35.0,0.6,1
3.2,32.56,35.0,0.6,0
8.4,36.72,35.0,0.6,0
32.1,55.68000000000001,35.0,0.6,0
7.0,35.6,35.0,0.6,0
10.1,38.08,35.0,0.6,0
2.7,32.16,35.0,0.6,0
0.1,30.08,35.0,0.6,0
0.0,30.0,35.0,0.6,0
0.0,30.0,35.0,0.6,0
0.2,30.16,35.0,0.6,0
1.9,31.52,35.0,0.6,0
5.2,34.16,35.0,0.6,0
3.3,32.64,35.0,0.6,0
0.1,30.08,35.0,0.6,0
2.0,31.6,35.0,0.6,0
0.0,30.0,35.0,0.6,0
3.2,32.56,35.0,0.6,0
1.9,31.52,35.0,0.6,0
0.0,30.0,35.0,0.6,0
0.0,30.0,35.0,0.6,0
0.0,30.0,35.0,0.6,0
0.0,30.0,35.0,0.6,0
0.0,30.0,35.0,0.6,0
0.0,30.0,35.0,0.6,0
0.0,30.0,35.0,0.6,0
0.0,30.0,35.0,0.6,0
0.2,30.16,35.0,0.6,0
0.0,30.0,35.0,0.6,0
0.0,30.0,35.0,0.6,0
0.0,30.0,35.0,0.6,0
0.0,30.0,35.0,0.6,0
7.0,35.6,35.0,0.6,0
23.6,48.88,35.0,0.6,0
4.0,33.2,35.0,0.6,0
3.6,32.88,35.0,0.6,0
13.8,41.04,35.0,0.6,0
11.1,38.88,35.0,0.6,0
0.0,30.0,35.0,0.6,0
0.0,30.0,35.0,0.6,0
0.0,30.0,35.0,0.6,0
0.0,30.0,35.0,0.6,0
0.0,30.0,35.0,0.6,0
0.0,30.0,35.0,0.6,0
0.0,30.0,35.0,0.6,0
0.1,30.08,35.0,0.6,0
0.0,30.0,35.0,0.6,0
0.5,30.4,35.0,0.6,0
0.0,30.0,35.0,0.6,0
1.2,30.96,35.0,0.6,0
7.2,35.76,35.0,0.6,0
3.1,32.480000000000004,35.0,0.6,0
0.0,30.0,35.0,0.6,0
1.7,31.36,35.0,0.6,0
0.1,30.08,35.0,0.6,0
1.1,30.88,35.0,0.6,0
0.0,30.0,35.0,0.6,0
0.0,30.0,35.0,0.6,0
0.0,30.0,35.0,0.6,0
0.0,30.0,35.0,0.6,0
0.0,30.0,35.0,0.6,0
0.0,30.0,35.0,0.6,0
0.0,30.0,35.0,0.6,0
0.3,30.24,35.0,0.6,0
0.0,30.0,35.0,0.6,0
4.5,33.6,35.0,0.6,0
6.0,34.8,35.0,0.6,0
5.6,34.48,35.0,0.6,0
15.4,42.32,35.0,0.6,0
2.1,31.68,35.0,0.6,0
20.4,46.32,35.0,0.6,0
4.0,33.2,35.0,0.6,0
0.0,30.0,35.0,0.6,0
0.3,30.24,35.0,0.6,0
0.0,30.0,35.0,0.6,0
0.0,30.0,35.0,0.6,0
0.0,30.0,35.0,0.6,0
0.0,30.0,35.0,0.6,0
0.0,30.0,35.0,0.6,0
0.0,30.0,35.0,0.6,0
0.0,30.0,35.0,0.6,0
0.1,30.08,35.0,0.6,0
10.9,38.72,35.0,0.6,0
1.3,31.04,35.0,0.6,0
20.0,46.0,35.0,0.6,0
1.8,31.44,35.0,0.6,0
2.4,31.92,35.0,0.6,0
21.5,47.2,35.0,0.6,0
0.0,30.0,35.0,0.6,0
0.0,30.0,35.0,0.6,0
0.0,30.0,35.0,0.6,0
0.0,30.0,35.0,0.6,0
0.9,30.72,35.0,0.6,0
9.2,37.36,35.0,0.6,0
24.2,49.36,35.0,0.6,0
21.0,46.8,35.0,0.6,0
5.3,34.24,35.0,0.6,0
12.5,40.0,35.0,0.6,0
49.9,69.92,35.0,0.6,0
12.7,40.16,35.0,0.6,0
0.0,30.0,35.0,0.6,0
0.0,30.0,35.0,0.6,0
0.6,30.48,35.0,0.6,0
0.1,30.08,35.0,0.6,0
14.6,41.68,35.0,0.6,0
3.5,32.8,35.0,0.6,0
3.8,33.04,35.0,0.6,0
34.3,57.44,35.0,0.6,0
13.4,40.72,35.0,0.6,0
0.0,30.0,35.0,0.6,0
0.1,30.08,35.0,0.6,0
7.7,36.16,35.0,0.6,0
37.5,60.0,35.0,0.6,0
4.9,33.92,35.0,0.6,0
12.5,40.0,35.0,0.6,0
0.0,30.0,35.0,0.6,0
0.0,30.0,35.0,0.6,0
0.0,30.0,35.0,0.6,0
0.0,30.0,35.0,0.6,0
1.1,30.88,35.0,0.6,0
14.0,41.2,35.0,0.6,0
24.5,49.6,35.0,0.6,0
14.7,41.76,35.0,0.6,0
16.1,42.88,35.0,0.6,0
9.7,37.76,35.0,0.6,0
2.3,31.84,35.0,0.6,0
1.8,31.44,35.0,0.6,0
4.8,33.84,35.0,0.6,0
25.3,50.24,35.0,0.6,0
6.4,35.120000000000005,35.0,0.6,0
3.2,32.56,35.0,0.6,0
0.0,30.0,35.0,0.6,0
2.3,31.84,35.0,0.6,0
13.3,40.64,35.0,0.6,0
38.4,60.72,35.0,0.6,0
1.1,30.88,35.0,0.6,0
0.0,30.0,35.0,0.6,0
0.0,30.0,35.0,0.6,0
0.0,30.0,35.0,0.6,0
0.0,30.0,35.0,0.6,0
0.0,30.0,35.0,0.6,0
0.0,30.0,35.0,0.6,0
0.0,30.0,35.0,0.6,0
0.2,30.16,35.0,0.6,0
0.0,30.0,35.0,0.6,0
0.0,30.0,35.0,0.6,0
0.0,30.0,35.0,0.6,0
0.0,30.0,35.0,0.6,0
0.0,30.0,35.0,0.6,0
0.0,30.0,35.0,0.6,0
1.9,31.52,35.0,0.6,0
13.2,40.56,35.0,0.6,0
1.9,31.52,35.0,0.6,0
3.8,33.04,35.0,0.6,0
31.3,55.040000000000006,35.0,0.6,0
20.7,46.56,35.0,0.6,0
1.5,31.2,35.0,0.6,0
0.0,30.0,35.0,0.6,0
8.1,36.480000000000004,35.0,0.6,0
17.6,44.08,35.0,0.6,0
13.0,40.4,35.0,0.6,0
17.8,44.24,35.0,0.6,0
34.5,57.6,35.0,0.6,0
15.5,42.4,35.0,0.6,0
26.5,51.2,35.0,0.6,0
44.4,65.52000000000001,35.0,0.6,0
17.1,43.68,35.0,0.6,0
41.1,62.88,35.0,0.6,0
35.4,58.32,35.0,0.6,0
67.6,84.08,35.0,0.6,1
51.8,71.44,35.0,0.6,0
28.4,52.72,35.0,0.6,0
37.3,59.84,35.0,0.6,0
3.1,32.480000000000004,35.0,0.6,0
7.6,36.08,35.0,0.6,0
14.1,41.28,35.0,0.6,0
1.4,31.12,35.0,0.6,0
1.1,30.88,35.0,0.6,0
0.8,30.64,35.0,0.6,0
0.0,30.0,35.0,0.6,0
0.6,30.48,35.0,0.6,0
1.4,31.12,35.0,0.6,0
3.8,33.04,35.0,0.6,0
7.3,35.84,35.0,0.6,0
18.3,44.64,35.0,0.6,0
6.0,34.8,35.0,0.6,0
2.4,31.92,35.0,0.6,0
2.1,31.68,35.0,0.6,0
5.7,34.56,35.0,0.6,0
0.2,30.16,35.0,0.6,0
3.3,32.64,35.0,0.6,0
14.8,41.84,35.0,0.6,0
9.0,37.2,35.0,0.6,0
15.3,42.24,35.0,0.6,0
13.8,41.04,35.0,0.6,0
4.1,33.28,35.0,0.6,0
6.8,35.44,35.0,0.6,0
12.3,39.84,35.0,0.6,0
7.9,36.32,35.0,0.6,0
2.7,32.16,35.0,0.6,0
13.4,40.72,35.0,0.6,0
5.8,34.64,35.0,0.6,0
10.7,38.56,35.0,0.6,0
10.1,38.08,35.0,0.6,0
16.4,43.12,35.0,0.6,0
47.9,68.32,35.0,0.6,0
35.2,58.160000000000004,35.0,0.6,0
51.6,71.28,35.0,0.6,0
80.2,94.16000000000001,35.0,0.6,1
19.7,45.76,35.0,0.6,0
7.9,36.32,35.0,0.6,0
17.9,44.32,35.0,0.6,0
67.1,83.68,35.0,0.6,1
28.3,52.64,35.0,0.6,0
21.6,47.28,35.0,0.6,0
0.6,30.48,35.0,0.6,0
0.0,30.0,35.0,0.6,0
2.8,32.24,35.0,0.6,0
13.8,41.04,35.0,0.6,0
1.3,31.04,35.0,0.6,0
3.1,32.480000000000004,35.0,0.6,0
6.8,35.44,35.0,0.6,0
9.6,37.68,35.0,0.6,0
21.1,46.88,35.0,0.6,0
19.7,45.76,35.0,0.6,0
36.9,59.519999999999996,35.0,0.6,0
13.3,40.64,35.0,0.6,0
1.2,30.96,35.0,0.6,0
11.8,39.44,35.0,0.6,0
0.9,30.72,35.0,0.6,0
19.9,45.92,35.0,0.6,0
60.4,78.32,35.0,0.6,1
33.2,56.56,35.0,0.6,0
31.6,55.28,35.0,0.6,0
46.3,67.03999999999999,35.0,0.6,0
31.3,55.040000000000006,35.0,0.6,0
26.1,50.88,35.0,0.6,0
24.8,49.84,35.0,0.6,0
40.4,62.32,35.0,0.6,0
58.2,76.56,35.0,0.6,1
101.3,95.0,35.0,0.6,1
70.6,86.47999999999999,35.0,0.6,1
57.9,76.32,35.0,0.6,1
24.4,49.519999999999996,35.0,0.6,0
2.9,32.32,35.0,0.6,0
0.4,30.32,35.0,0.6,0
8.9,37.120000000000005,35.0,0.6,0
29.0,53.2,35.0,0.6,0
22.0,47.6,35.0,0.6,0
22.1,47.68000000000001,35.0,0.6,0
29.6,53.68000000000001,35.0,0.6,0
101.3,95.0,35.0,0.6,1
7.4,35.92,35.0,0.6,0
3.2,32.56,35.0,0.6,0
15.1,42.08,35.0,0.6,0
49.8,69.84,35.0,0.6,0
2.2,31.76,35.0,0.6,0
0.1,30.08,35.0,0.6,0
5.3,34.24,35.0,0.6,0
3.7,32.96,35.0,0.6,0
0.3,30.24,35.0,0.6,0
5.1,34.08,35.0,0.6,0
9.5,37.6,35.0,0.6,0
0.6,30.48,35.0,0.6,0
3.7,32.96,35.0,0.6,0
1.4,31.12,35.0,0.6,0
2.3,31.84,35.0,0.6,0
1.6,31.28,35.0,0.6,0
3.9,33.12,35.0,0.6,0
7.2,35.76,35.0,0.6,0
2.6,32.08,35.0,0.6,0
8.9,37.120000000000005,35.0,0.6,0
23.7,48.96,35.0,0.6,0
16.4,43.12,35.0,0.6,0
9.5,37.6,35.0,0.6,0
20.2,46.16,35.0,0.6,0
19.3,45.44,35.0,0.6,0
13.7,40.96,35.0,0.6,0
20.7,46.56,35.0,0.6,0
5.9,34.72,35.0,0.6,0
34.5,57.6,35.0,0.6,0
6.1,34.88,35.0,0.6,0
24.8,49.84,35.0,0.6,0
39.9,61.92,35.0,0.6,0
75.3,90.24000000000001,35.0,0.6,1
54.1,73.28,35.0,0.6,0
8.0,36.4,35.0,0.6,0
4.8,33.84,35.0,0.6,0
3.7,32.96,35.0,0.6,0
5.2,34.16,35.0,0.6,0
29.8,53.84,35.0,0.6,0
5.1,34.08,35.0,0.6,0
24.1,49.28,35.0,0.6,0
48.9,69.12,35.0,0.6,0
24.1,49.28,35.0,0.6,0
12.8,40.24,35.0,0.6,0
0.0,30.0,35.0,0.6,0
18.6,44.88,35.0,0.6,0
60.8,78.64,35.0,0.6,1
15.3,42.24,35.0,0.6,0
1.2,30.96,35.0,0.6,0
0.9,30.72,35.0,0.6,0
1.7,31.36,35.0,0.6,0
21.7,47.36,35.0,0.6,0
24.8,49.84,35.0,0.6,0
2.0,31.6,35.0,0.6,0
2.1,31.68,35.0,0.6,0
19.0,45.2,35.0,0.6,0
0.1,30.08,35.0,0.6,0
0.4,30.32,35.0,0.6,0
0.9,30.72,35.0,0.6,0
2.4,31.92,35.0,0.6,0
8.5,36.8,35.0,0.6,0
15.3,42.24,35.0,0.6,0
15.5,42.4,35.0,0.6,0
71.7,87.36000000000001,35.0,0.6,1
71.1,86.88,35.0,0.6,1
90.4,95.0,35.0,0.6,1
85.3,95.0,35.0,0.6,1
47.4,67.92,35.0,0.6,0
38.7,60.96000000000001,35.0,0.6,0
13.8,41.04,35.0,0.6,0
5.9,34.72,35.0,0.6,0
2.9,32.32,35.0,0.6,0
5.4,34.32,35.0,0.6,0
0.9,30.72,35.0,0.6,0
1.2,30.96,35.0,0.6,0
15.8,42.64,35.0,0.6,0
9.9,37.92,35.0,0.6,0
12.3,39.84,35.0,0.6,0
3.6,32.88,35.0,0.6,0
20.2,46.16,35.0,0.6,0
4.6,33.68,35.0,0.6,0
4.5,33.6,35.0,0.6,0
1.9,31.52,35.0,0.6,0
7.9,36.32,35.0,0.6,0
5.8,34.64,35.0,0.6,0
9.6,37.68,35.0,0.6,0
23.4,48.72,35.0,0.6,0
44.4,65.52000000000001,35.0,0.6,0
13.8,41.04,35.0,0.6,0
32.1,55.68000000000001,35.0,0.6,0
18.3,44.64,35.0,0.6,0
18.5,44.8,35.0,0.6,0
4.8,33.84,35.0,0.6,0
4.6,33.68,35.0,0.6,0
1.5,31.2,35.0,0.6,0
1.9,31.52,35.0,0.6,0
13.0,40.4,35.0,0.6,0
15.9,42.72,35.0,0.6,0
26.0,50.8,35.0,0.6,0
6.2,34.96,35.0,0.6,0
20.3,46.24,35.0,0.6,0
24.8,49.84,35.0,0.6,0
61.9,79.52000000000001,35.0,0.6,1
38.8,61.04,35.0,0.6,0
82.1,95.0,35.0,0.6,1
34.1,57.28,35.0,0.6,0
3.3,32.64,35.0,0.6,0
0.7,30.56,35.0,0.6,0
0.1,30.08,35.0,0.6,0
0.0,30.0,35.0,0.6,0
0.0,30.0,35.0,0.6,0
0.0,30.0,35.0,0.6,0
1.5,31.2,35.0,0.6,0
0.1,30.08,35.0,0.6,0
0.0,30.0,35.0,0.6,0
0.0,30.0,35.0,0.6,0
0.0,30.0,35.0,0.6,0
0.0,30.0,35.0,0.6,0
5.8,34.64,35.0,0.6,0
14.3,41.44,35.0,0.6,0
9.1,37.28,35.0,0.6,0
11.0,38.8,35.0,0.6,0
0.2,30.16,35.0,0.6,0
0.0,30.0,35.0,0.6,0
0.0,30.0,35.0,0.6,0
0.0,30.0,35.0,0.6,0
0.0,30.0,35.0,0.6,0
0.0,30.0,35.0,0.6,0
0.0,30.0,35.0,0.6,0
0.0,30.0,35.0,0.6,0
0.0,30.0,35.0,0.6,0
3.1,32.480000000000004,35.0,0.6,0
1.5,31.2,35.0,0.6,0
0.6,30.48,35.0,0.6,0
8.6,36.88,35.0,0.6,0
15.6,42.480000000000004,35.0,0.6,0
3.2,32.56,35.0,0.6,0
1.0,30.8,35.0,0.6,0
2.6,32.08,35.0,0.6,0
0.2,30.16,35.0,0.6,0
9.7,37.76,35.0,0.6,0
7.6,36.08,35.0,0.6,0
0.0,30.0,35.0,0.6,0
0.0,30.0,35.0,0.6,0
0.0,30.0,35.0,0.6,0
0.0,30.0,35.0,0.6,0
0.0,30.0,35.0,0.6,0
0.0,30.0,35.0,0.6,0
0.0,30.0,35.0,0.6,0
0.0,30.0,35.0,0.6,0
0.0,30.0,35.0,0.6,0
0.0,30.0,35.0,0.6,0
0.0,30.0,35.0,0.6,0
0.0,30.0,35.0,0.6,0
0.0,30.0,35.0,0.6,0
0.0,30.0,35.0,0.6,0
0.0,30.0,35.0,0.6,0
0.0,30.0,35.0,0.6,0
0.0,30.0,35.0,0.6,0
0.0,30.0,35.0,0.6,0
0.0,30.0,35.0,0.6,0
0.0,30.0,35.0,0.6,0
0.0,30.0,35.0,0.6,0
0.0,30.0,35.0,0.6,0
0.0,30.0,35.0,0.6,0
0.0,30.0,35.0,0.6,0
0.0,30.0,35.0,0.6,0
0.1,30.08,35.0,0.6,0
2.6,32.08,35.0,0.6,0
4.0,33.2,35.0,0.6,0
6.7,35.36,35.0,0.6,0
4.6,33.68,35.0,0.6,0
0.0,30.0,35.0,0.6,0
1.6,31.28,35.0,0.6,0
2.8,32.24,35.0,0.6,0
5.0,34.0,35.0,0.6,0
0.5,30.4,35.0,0.6,0
0.0,30.0,35.0,0.6,0
10.8,38.64,35.0,0.6,0
0.0,30.0,35.0,0.6,0
4.3,33.44,35.0,0.6,0
0.1,30.08,35.0,0.6,0
4.9,33.92,35.0,0.6,0
7.8,36.24,35.0,0.6,0
1.1,30.88,35.0,0.6,0
5.3,34.24,35.0,0.6,0
1.8,31.44,35.0,0.6,0
3.5,32.8,35.0,0.6,0
0.0,30.0,35.0,0.6,0
0.0,30.0,35.0,0.6,0
0.0,30.0,35.0,0.6,0
0.0,30.0,35.0,0.6,0
0.0,30.0,35.0,0.6,0
0.0,30.0,35.0,0.6,0
0.0,30.0,35.0,0.6,0
0.0,30.0,35.0,0.6,0
0.0,30.0,35.0,0.6,0
0.0,30.0,35.0,0.6,0
0.0,30.0,35.0,0.6,0
0.0,30.0,35.0,0.6,0
0.0,30.0,35.0,0.6,0
0.2,30.16,35.0,0.6,0
0.3,30.24,35.0,0.6,0
2.2,31.76,35.0,0.6,0
3.3,32.64,35.0,0.6,0
0.0,30.0,35.0,0.6,0
0.0,30.0,35.0,0.6,0
0.0,30.0,35.0,0.6,0
0.0,30.0,35.0,0.6,0
0.0,30.0,35.0,0.6,0
0.0,30.0,35.0,0.6,0
0.0,30.0,35.0,0.6,0
0.0,30.0,35.0,0.6,0
0.0,30.0,35.0,0.6,0
0.0,30.0,35.0,0.6,0
0.0,30.0,35.0,0.6,0
0.0,30.0,35.0,0.6,0
0.0,30.0,35.0,0.6,0
0.0,30.0,35.0,0.6,0
0.1,30.08,35.0,0.6,0
1.5,31.2,35.0,0.6,0
0.0,30.0,35.0,0.6,0
41.2,62.96,35.0,0.6,0
7.7,36.16,35.0,0.6,0
4.9,33.92,35.0,0.6,0
17.9,44.32,35.0,0.6,0
20.4,46.32,35.0,0.6,0
4.4,33.52,35.0,0.6,0
3.1,32.480000000000004,35.0,0.6,0
1.8,31.44,35.0,0.6,0
0.0,30.0,35.0,0.6,0
0.0,30.0,35.0,0.6,0
0.0,30.0,35.0,0.6,0
0.0,30.0,35.0,0.6,0
2.1,31.68,35.0,0.6,0
7.1,35.68,35.0,0.6,0
10.2,38.16,35.0,0.6,0
47.4,67.92,35.0,0.6,0
14.5,41.6,35.0,0.6,0
7.8,36.24,35.0,0.6,0
10.3,38.24,35.0,0.6,0
32.1,55.68000000000001,35.0,0.6,0
12.8,40.24,35.0,0.6,0
20.9,46.72,35.0,0.6,0
1.1,30.88,35.0,0.6,0
6.5,35.2,35.0,0.6,0
1.8,31.44,35.0,0.6,0
5.2,34.16,35.0,0.6,0
1.9,31.52,35.0,0.6,0
1.5,31.2,35.0,0.6,0
3.7,32.96,35.0,0.6,0
1.8,31.44,35.0,0.6,0
4.7,33.76,35.0,0.6,0
2.8,32.24,35.0,0.6,0
0.1,30.08,35.0,0.6,0
1.0,30.8,35.0,0.6,0
0.0,30.0,35.0,0.6,0
10.8,38.64,35.0,0.6,0
15.2,42.16,35.0,0.6,0
0.6,30.48,35.0,0.6,0
20.2,46.16,35.0,0.6,0
33.9,57.120000000000005,35.0,0.6,0
5.1,34.08,35.0,0.6,0
10.7,38.56,35.0,0.6,0
19.0,45.2,35.0,0.6,0
54.3,73.44,35.0,0.6,0
22.5,48.0,35.0,0.6,0
34.8,57.84,35.0,0.6,0
20.6,46.480000000000004,35.0,0.6,0
8.6,36.88,35.0,0.6,0
2.0,31.6,35.0,0.6,0
0.0,30.0,35.0,0.6,0
7.2,35.76,35.0,0.6,0
0.0,30.0,35.0,0.6,0
6.8,35.44,35.0,0.6,0
12.4,39.92,35.0,0.6,0
35.6,58.480000000000004,35.0,0.6,0
44.0,65.2,35.0,0.6,0
3.7,32.96,35.0,0.6,0
13.5,40.8,35.0,0.6,0
13.6,40.88,35.0,0.6,0
10.5,38.4,35.0,0.6,0
1.0,30.8,35.0,0.6,0
2.1,31.68,35.0,0.6,0
0.4,30.32,35.0,0.6,0
0.0,30.0,35.0,0.6,0
0.9,30.72,35.0,0.6,0
3.5,32.8,35.0,0.6,0
1.7,31.36,35.0,0.6,0
0.6,30.48,35.0,0.6,0
0.0,30.0,35.0,0.6,0
4.8,33.84,35.0,0.6,0
0.1,30.08,35.0,0.6,0
0.5,30.4,35.0,0.6,0
0.4,30.32,35.0,0.6,0
0.3,30.24,35.0,0.6,0
5.4,34.32,35.0,0.6,0
1.2,30.96,35.0,0.6,0
16.2,42.96,35.0,0.6,0
1.8,31.44,35.0,0.6,0
0.6,30.48,35.0,0.6,0
4.1,33.28,35.0,0.6,0
40.2,62.160000000000004,35.0,0.6,0
5.1,34.08,35.0,0.6,0
29.7,53.760000000000005,35.0,0.6,0
13.5,40.8,35.0,0.6,0
32.3,55.84,35.0,0.6,0
4.2,33.36,35.0,0.6,0
8.1,36.480000000000004,35.0,0.6,0
8.3,36.64,35.0,0.6,0
11.8,39.44,35.0,0.6,0
16.5,43.2,35.0,0.6,0
7.2,35.76,35.0,0.6,0
4.4,33.52,35.0,0.6,0
15.4,42.32,35.0,0.6,0
0.0,30.0,35.0,0.6,0
0.0,30.0,35.0,0.6,0
0.0,30.0,35.0,0.6,0
0.0,30.0,35.0,0.6,0
7.1,35.68,35.0,0.6,0
8.3,36.64,35.0,0.6,0
21.7,47.36,35.0,0.6,0
7.1,35.68,35.0,0.6,0
20.2,46.16,35.0,0.6,0
34.6,57.68000000000001,35.0,0.6,0
11.6,39.28,35.0,0.6,0
0.9,30.72,35.0,0.6,0
0.6,30.48,35.0,0.6,0
7.0,35.6,35.0,0.6,0
17.4,43.92,35.0,0.6,0
36.8,59.44,35.0,0.6,0
53.4,72.72,35.0,0.6,0
10.8,38.64,35.0,0.6,0
15.6,42.480000000000004,35.0,0.6,0
0.3,30.24,35.0,0.6,0
1.2,30.96,35.0,0.6,0
5.0,34.0,35.0,0.6,0
14.7,41.76,35.0,0.6,0
6.6,35.28,35.0,0.6,0
2.4,31.92,35.0,0.6,0
2.7,32.16,35.0,0.6,0
6.8,35.44,35.0,0.6,0
1.2,30.96,35.0,0.6,0
0.7,30.56,35.0,0.6,0
2.2,31.76,35.0,0.6,0
2.0,31.6,35.0,0.6,0
10.2,38.16,35.0,0.6,0
8.8,37.04,35.0,0.6,0
8.0,36.4,35.0,0.6,0
52.0,71.6,35.0,0.6,0
68.0,84.4,35.0,0.6,1
129.0,95.0,35.0,0.6,1
62.9,80.32,35.0,0.6,1
38.2,60.56,35.0,0.6,0
43.5,64.80000000000001,35.0,0.6,0
39.2,61.36,35.0,0.6,0
26.5,51.2,35.0,0.6,0
32.1,55.68000000000001,35.0,0.6,0
13.8,41.04,35.0,0.6,0
5.3,34.24,35.0,0.6,0
8.9,37.120000000000005,35.0,0.6,0
1.7,31.36,35.0,0.6,0
5.2,34.16,35.0,0.6,0
14.7,41.76,35.0,0.6,0
17.0,43.6,35.0,0.6,0
12.8,40.24,35.0,0.6,0
15.2,42.16,35.0,0.6,0
13.0,40.4,35.0,0.6,0
56.9,75.52000000000001,35.0,0.6,1
40.8,62.64,35.0,0.6,0
10.8,38.64,35.0,0.6,0
7.2,35.76,35.0,0.6,0
24.3,49.44,35.0,0.6,0
9.4,37.52,35.0,0.6,0
8.1,36.480000000000004,35.0,0.6,0
13.0,40.4,35.0,0.6,0
17.1,43.68,35.0,0.6,0
23.4,48.72,35.0,0.6,0
45.2,66.16,35.0,0.6,0
80.4,94.32000000000001,35.0,0.6,1
89.5,95.0,35.0,0.6,1
4.1,33.28,35.0,0.6,0
6.5,35.2,35.0,0.6,0
15.9,42.72,35.0,0.6,0
0.6,30.48,35.0,0.6,0
3.4,32.72,35.0,0.6,0
0.5,30.4,35.0,0.6,0
8.2,36.56,35.0,0.6,0
0.7,30.56,35.0,0.6,0
25.4,50.32,35.0,0.6,0
22.8,48.24,35.0,0.6,0
8.5,36.8,35.0,0.6,0
15.3,42.24,35.0,0.6,0
28.2,52.56,35.0,0.6,0
25.2,50.16,35.0,0.6,0
24.2,49.36,35.0,0.6,0
4.4,33.52,35.0,0.6,0
0.2,30.16,35.0,0.6,0
10.6,38.480000000000004,35.0,0.6,0
28.8,53.040000000000006,35.0,0.6,0
7.7,36.16,35.0,0.6,0
10.6,38.480000000000004,35.0,0.6,0
8.9,37.120000000000005,35.0,0.6,0
2.3,31.84,35.0,0.6,0
12.0,39.6,35.0,0.6,0
17.4,43.92,35.0,0.6,0
40.3,62.24,35.0,0.6,0
2.5,32.0,35.0,0.6,0
6.8,35.44,35.0,0.6,0
19.0,45.2,35.0,0.6,0
172.6,95.0,35.0,0.6,1
1.5,31.2,35.0,0.6,0
5.3,34.24,35.0,0.6,0
5.8,34.64,35.0,0.6,0
10.5,38.4,35.0,0.6,0
5.1,34.08,35.0,0.6,0
3.6,32.88,35.0,0.6,0
8.6,36.88,35.0,0.6,0
33.1,56.480000000000004,35.0,0.6,0
11.1,38.88,35.0,0.6,0
32.2,55.760000000000005,35.0,0.6,0
68.6,84.88,35.0,0.6,1
30.3,54.24,35.0,0.6,0
6.8,35.44,35.0,0.6,0
47.4,67.92,35.0,0.6,0
67.2,83.76,35.0,0.6,1
31.4,55.120000000000005,35.0,0.6,0
5.4,34.32,35.0,0.6,0
2.1,31.68,35.0,0.6,0
1.1,30.88,35.0,0.6,0
0.8,30.64,35.0,0.6,0
0.3,30.24,35.0,0.6,0
0.1,30.08,35.0,0.6,0
0.1,30.08,35.0,0.6,0
0.0,30.0,35.0,0.6,0
0.3,30.24,35.0,0.6,0
2.9,32.32,35.0,0.6,0
11.6,39.28,35.0,0.6,0
11.0,38.8,35.0,0.6,0
10.3,38.24,35.0,0.6,0
15.4,42.32,35.0,0.6,0
16.3,43.04,35.0,0.6,0
4.1,33.28,35.0,0.6,0
0.4,30.32,35.0,0.6,0
2.7,32.16,35.0,0.6,0
1.6,31.28,35.0,0.6,0
1.2,30.96,35.0,0.6,0
0.7,30.56,35.0,0.6,0
0.9,30.72,35.0,0.6,0
25.3,50.24,35.0,0.6,0
14.0,41.2,35.0,0.6,0
17.6,44.08,35.0,0.6,0
21.8,47.44,35.0,0.6,0
1.0,30.8,35.0,0.6,0
6.7,35.36,35.0,0.6,0
4.3,33.44,35.0,0.6,0
0.5,30.4,35.0,0.6,0
0.0,30.0,35.0,0.6,0
1.2,30.96,35.0,0.6,0
1.6,31.28,35.0,0.6,0
0.7,30.56,35.0,0.6,0
9.1,37.28,35.0,0.6,0
27.2,51.760000000000005,35.0,0.6,0
1.6,31.28,35.0,0.6,0
1.9,31.52,35.0,0.6,0
9.0,37.2,35.0,0.6,0
34.0,57.2,35.0,0.6,0
3.1,32.480000000000004,35.0,0.6,0
12.6,40.08,35.0,0.6,0
5.7,34.56,35.0,0.6,0
10.7,38.56,35.0,0.6,0
3.0,32.4,35.0,0.6,0
3.5,32.8,35.0,0.6,0
17.2,43.76,35.0,0.6,0
0.8,30.64,35.0,0.6,0
0.4,30.32,35.0,0.6,0
0.5,30.4,35.0,0.6,0
5.9,34.72,35.0,0.6,0
4.2,33.36,35.0,0.6,0
0.0,30.0,35.0,0.6,0
0.0,30.0,35.0,0.6,0
0.0,30.0,35.0,0.6,0
0.0,30.0,35.0,0.6,0
0.0,30.0,35.0,0.6,0
1.6,31.28,35.0,0.6,0
0.1,30.08,35.0,0.6,0
0.0,30.0,35.0,0.6,0
0.0,30.0,35.0,0.6,0
0.1,30.08,35.0,0.6,0
0.0,30.0,35.0,0.6,0
0.0,30.0,35.0,0.6,0
0.0,30.0,35.0,0.6,0
1.9,31.52,35.0,0.6,0
1.8,31.44,35.0,0.6,0
0.4,30.32,35.0,0.6,0
3.2,32.56,35.0,0.6,0
14.9,41.92,35.0,0.6,0
0.2,30.16,35.0,0.6,0
8.9,37.120000000000005,35.0,0.6,0
0.0,30.0,35.0,0.6,0
0.0,30.0,35.0,0.6,0
0.0,30.0,35.0,0.6,0
0.0,30.0,35.0,0.6,0
0.0,30.0,35.0,0.6,0
0.0,30.0,35.0,0.6,0
0.0,30.0,35.0,0.6,0
0.0,30.0,35.0,0.6,0
0.0,30.0,35.0,0.6,0
0.0,30.0,35.0,0.6,0
0.0,30.0,35.0,0.6,0
0.7,30.56,35.0,0.6,0
0.5,30.4,35.0,0.6,0
0.0,30.0,35.0,0.6,0
5.0,34.0,35.0,0.6,0
0.0,30.0,35.0,0.6,0
0.0,30.0,35.0,0.6,0
0.0,30.0,35.0,0.6,0
0.0,30.0,35.0,0.6,0
0.0,30.0,35.0,0.6,0
0.0,30.0,35.0,0.6,0
0.0,30.0,35.0,0.6,0
0.0,30.0,35.0,0.6,0
0.0,30.0,35.0,0.6,0
0.0,30.0,35.0,0.6,0
0.9,30.72,35.0,0.6,0
2.6,32.08,35.0,0.6,0
8.0,36.4,35.0,0.6,0
8.8,37.04,35.0,0.6,0
3.5,32.8,35.0,0.6,0
1.2,30.96,35.0,0.6,0
0.1,30.08,35.0,0.6,0
16.0,42.8,35.0,0.6,0
12.2,39.76,35.0,0.6,0
4.0,33.2,35.0,0.6,0
0.0,30.0,35.0,0.6,0
0.0,30.0,35.0,0.6,0
0.0,30.0,35.0,0.6,0
0.0,30.0,35.0,0.6,0
0.0,30.0,35.0,0.6,0
0.0,30.0,35.0,0.6,0
0.0,30.0,35.0,0.6,0
0.0,30.0,35.0,0.6,0
0.0,30.0,35.0,0.6,0
0.0,30.0,35.0,0.6,0
0.0,30.0,35.0,0.6,0
0.0,30.0,35.0,0.6,0
0.0,30.0,35.0,0.6,0
0.0,30.0,35.0,0.6,0
0.0,30.0,35.0,0.6,0
0.0,30.0,35.0,0.6,0
0.0,30.0,35.0,0.6,0
0.0,30.0,15.0,0.4,0
0.0,30.0,15.0,0.4,0
0.0,30.0,15.0,0.4,0
0.0,30.0,15.0,0.4,0
0.0,30.0,15.0,0.4,0
0.0,30.0,15.0,0.4,0
0.0,30.0,15.0,0.4,0
0.0,30.0,15.0,0.4,0
0.1,30.08,15.0,0.4,0
0.8,30.64,15.0,0.4,0
3.1,32.480000000000004,15.0,0.4,0
1.4,31.12,15.0,0.4,0
3.1,32.480000000000004,15.0,0.4,0
0.0,30.0,15.0,0.4,0
0.0,30.0,15.0,0.4,0
0.2,30.16,15.0,0.4,0
0.0,30.0,15.0,0.4,0
1.1,30.88,15.0,0.4,0
12.5,40.0,15.0,0.4,0
1.2,30.96,15.0,0.4,0
3.0,32.4,15.0,0.4,0
0.0,30.0,15.0,0.4,0
0.0,30.0,15.0,0.4,0
0.2,30.16,15.0,0.4,0
0.5,30.4,15.0,0.4,0
0.0,30.0,15.0,0.4,0
0.0,30.0,15.0,0.4,0
0.0,30.0,15.0,0.4,0
0.0,30.0,15.0,0.4,0
1.0,30.8,15.0,0.4,0
0.0,30.0,15.0,0.4,0
0.0,30.0,15.0,0.4,0
0.0,30.0,15.0,0.4,0
0.0,30.0,15.0,0.4,0
0.0,30.0,15.0,0.4,0
0.0,30.0,15.0,0.4,0
0.0,30.0,15.0,0.4,0
0.0,30.0,15.0,0.4,0
0.0,30.0,15.0,0.4,0
0.0,30.0,15.0,0.4,0
0.0,30.0,15.0,0.4,0
0.0,30.0,15.0,0.4,0
0.0,30.0,15.0,0.4,0
0.0,30.0,15.0,0.4,0
0.2,30.16,15.0,0.4,0
1.3,31.04,15.0,0.4,0
0.2,30.16,15.0,0.4,0
0.0,30.0,15.0,0.4,0
0.0,30.0,15.0,0.4,0
0.0,30.0,15.0,0.4,0
0.0,30.0,15.0,0.4,0
0.0,30.0,15.0,0.4,0
0.0,30.0,15.0,0.4,0
0.0,30.0,15.0,0.4,0
0.0,30.0,15.0,0.4,0
0.0,30.0,15.0,0.4,0
0.0,30.0,15.0,0.4,0
0.7,30.56,15.0,0.4,0
0.0,30.0,15.0,0.4,0
0.6,30.48,15.0,0.4,0
0.0,30.0,15.0,0.4,0
0.0,30.0,15.0,0.4,0
0.2,30.16,15.0,0.4,0
0.0,30.0,15.0,0.4,0
0.1,30.08,15.0,0.4,0
0.5,30.4,15.0,0.4,0
0.0,30.0,15.0,0.4,0
0.2,30.16,15.0,0.4,0
2.0,31.6,15.0,0.4,0
0.0,30.0,15.0,0.4,0
0.0,30.0,15.0,0.4,0
0.0,30.0,15.0,0.4,0
0.6,30.48,15.0,0.4,0
0.6,30.48,15.0,0.4,0
0.0,30.0,15.0,0.4,0
0.0,30.0,15.0,0.4,0
0.0,30.0,15.0,0.4,0
0.0,30.0,15.0,0.4,0
0.0,30.0,15.0,0.4,0
0.0,30.0,15.0,0.4,0
0.0,30.0,15.0,0.4,0
0.0,30.0,15.0,0.4,0
0.0,30.0,15.0,0.4,0
0.0,30.0,15.0,0.4,0
0.0,30.0,15.0,0.4,0
0.0,30.0,15.0,0.4,0
0.0,30.0,15.0,0.4,0
0.0,30.0,15.0,0.4,0
3.0,32.4,15.0,0.4,0
11.5,39.2,15.0,0.4,0
0.3,30.24,15.0,0.4,0
1.2,30.96,15.0,0.4,0
0.1,30.08,15.0,0.4,0
0.1,30.08,15.0,0.4,0
0.0,30.0,15.0,0.4,0
0.0,30.0,15.0,0.4,0
0.1,30.08,15.0,0.4,0
0.4,30.32,15.0,0.4,0
0.8,30.64,15.0,0.4,0
0.0,30.0,15.0,0.4,0
0.0,30.0,15.0,0.4,0
0.0,30.0,15.0,0.4,0
0.1,30.08,15.0,0.4,0
0.2,30.16,15.0,0.4,0
0.9,30.72,15.0,0.4,0
8.8,37.04,15.0,0.4,0
0.2,30.16,15.0,0.4,0
10.5,38.4,15.0,0.4,0
0.2,30.16,15.0,0.4,0
0.0,30.0,15.0,0.4,0
0.0,30.0,15.0,0.4,0
0.3,30.24,15.0,0.4,0
0.0,30.0,15.0,0.4,0
0.0,30.0,15.0,0.4,0
0.0,30.0,15.0,0.4,0
0.0,30.0,15.0,0.4,0
0.1,30.08,15.0,0.4,0
0.1,30.08,15.0,0.4,0
0.0,30.0,15.0,0.4,0
0.1,30.08,15.0,0.4,0
3.9,33.12,15.0,0.4,0
11.1,38.88,15.0,0.4,0
6.7,35.36,15.0,0.4,0
5.0,34.0,15.0,0.4,0
12.4,39.92,15.0,0.4,0
2.5,32.0,15.0,0.4,0
3.8,33.04,15.0,0.4,0
17.0,43.6,15.0,0.4,0
0.3,30.24,15.0,0.4,0
7.1,35.68,15.0,0.4,0
24.1,49.28,15.0,0.4,0
51.3,71.03999999999999,15.0,0.4,0
13.7,40.96,15.0,0.4,0
7.3,35.84,15.0,0.4,0
8.0,36.4,15.0,0.4,0
2.4,31.92,15.0,0.4,0
6.4,35.120000000000005,15.0,0.4,0
7.9,36.32,15.0,0.4,0
7.2,35.76,15.0,0.4,0
4.0,33.2,15.0,0.4,0
3.9,33.12,15.0,0.4,0
2.3,31.84,15.0,0.4,0
2.0,31.6,15.0,0.4,0
9.2,37.36,15.0,0.4,0
1.7,31.36,15.0,0.4,0
23.5,48.8,15.0,0.4,0
2.6,32.08,15.0,0.4,0
0.6,30.48,15.0,0.4,0
1.4,31.12,15.0,0.4,0
2.0,31.6,15.0,0.4,0
62.1,79.68,15.0,0.4,0
17.1,43.68,15.0,0.4,0
3.1,32.480000000000004,15.0,0.4,0
0.8,30.64,15.0,0.4,0
7.0,35.6,15.0,0.4,0
9.5,37.6,15.0,0.4,0
5.9,34.72,15.0,0.4,0
4.5,33.6,15.0,0.4,0
1.1,30.88,15.0,0.4,0
2.9,32.32,15.0,0.4,0
2.4,31.92,15.0,0.4,0
17.5,44.0,15.0,0.4,0
9.5,37.6,15.0,0.4,0
6.9,35.52,15.0,0.4,0
8.3,36.64,15.0,0.4,0
5.4,34.32,15.0,0.4,0
28.4,52.72,15.0,0.4,0
0.9,30.72,15.0,0.4,0
11.1,38.88,15.0,0.4,0
18.5,44.8,15.0,0.4,0
3.0,32.4,15.0,0.4,0
2.5,32.0,15.0,0.4,0
71.5,87.2,15.0,0.4,0
9.0,37.2,15.0,0.4,0
2.2,31.76,15.0,0.4,0
3.8,33.04,15.0,0.4,0
3.9,33.12,15.0,0.4,0
2.8,32.24,15.0,0.4,0
0.8,30.64,15.0,0.4,0
11.9,39.52,15.0,0.4,0
18.1,44.480000000000004,15.0,0.4,0
6.0,34.8,15.0,0.4,0
6.2,34.96,15.0,0.4,0
8.4,36.72,15.0,0.4,0
11.4,39.120000000000005,15.0,0.4,0
2.2,31.76,15.0,0.4,0
10.6,38.480000000000004,15.0,0.4,0
57.4,75.92,15.0,0.4,0
27.0,51.6,15.0,0.4,0
16.6,43.28,15.0,0.4,0
11.0,38.8,15.0,0.4,0
22.1,47.68000000000001,15.0,0.4,0
11.2,38.96,15.0,0.4,0
38.8,61.04,15.0,0.4,0
4.8,33.84,15.0,0.4,0
7.5,36.0,15.0,0.4,0
14.5,41.6,15.0,0.4,0
11.1,38.88,15.0,0.4,0
10.4,38.32,15.0,0.4,0
30.7,54.56,15.0,0.4,0
11.3,39.04,15.0,0.4,0
4.0,33.2,15.0,0.4,0
5.7,34.56,15.0,0.4,0
10.8,38.64,15.0,0.4,0
0.9,30.72,15.0,0.4,0
20.4,46.32,15.0,0.4,0
5.7,34.56,15.0,0.4,0
9.5,37.6,15.0,0.4,0
5.0,34.0,15.0,0.4,0
6.1,34.88,15.0,0.4,0
15.3,42.24,15.0,0.4,0
17.4,43.92,15.0,0.4,0
17.9,44.32,15.0,0.4,0
31.0,54.8,15.0,0.4,0
7.6,36.08,15.0,0.4,0
5.7,34.56,15.0,0.4,0
3.4,32.72,15.0,0.4,0
10.0,38.0,15.0,0.4,0
21.0,46.8,15.0,0.4,0
5.8,34.64,15.0,0.4,0
9.4,37.52,15.0,0.4,0
3.6,32.88,15.0,0.4,0
9.5,37.6,15.0,0.4,0
11.3,39.04,15.0,0.4,0
6.6,35.28,15.0,0.4,0
3.7,32.96,15.0,0.4,0
2.0,31.6,15.0,0.4,0
11.9,39.52,15.0,0.4,0
29.4,53.519999999999996,15.0,0.4,0
35.3,58.239999999999995,15.0,0.4,0
17.8,44.24,15.0,0.4,0
6.7,35.36,15.0,0.4,0
2.9,32.32,15.0,0.4,0
1.0,30.8,15.0,0.4,0
10.4,38.32,15.0,0.4,0
1.2,30.96,15.0,0.4,0
6.9,35.52,15.0,0.4,0
30.1,54.08,15.0,0.4,0
11.5,39.2,15.0,0.4,0
12.2,39.76,15.0,0.4,0
9.3,37.44,15.0,0.4,0
23.4,48.72,15.0,0.4,0
4.6,33.68,15.0,0.4,0
10.6,38.480000000000004,15.0,0.4,0
24.0,49.2,15.0,0.4,0
7.9,36.32,15.0,0.4,0
1.6,31.28,15.0,0.4,0
2.8,32.24,15.0,0.4,0
5.7,34.56,15.0,0.4,0
130.0,95.0,15.0,0.4,1
1.8,31.44,15.0,0.4,0
0.7,30.56,15.0,0.4,0
0.0,30.0,15.0,0.4,0
4.2,33.36,15.0,0.4,0
0.3,30.24,15.0,0.4,0
0.1,30.08,15.0,0.4,0
1.5,31.2,15.0,0.4,0
3.9,33.12,15.0,0.4,0
32.8,56.239999999999995,15.0,0.4,0
12.2,39.76,15.0,0.4,0
8.8,37.04,15.0,0.4,0
1.1,30.88,15.0,0.4,0
4.9,33.92,15.0,0.4,0
24.9,49.92,15.0,0.4,0
5.9,34.72,15.0,0.4,0
0.2,30.16,15.0,0.4,0
1.7,31.36,15.0,0.4,0
1.0,30.8,15.0,0.4,0
0.0,30.0,15.0,0.4,0
0.1,30.08,15.0,0.4,0
6.0,34.8,15.0,0.4,0
11.7,39.36,15.0,0.4,0
1.4,31.12,15.0,0.4,0
0.0,30.0,15.0,0.4,0
4.8,33.84,15.0,0.4,0
4.9,33.92,15.0,0.4,0
5.5,34.4,15.0,0.4,0
1.2,30.96,15.0,0.4,0
3.6,32.88,15.0,0.4,0
4.5,33.6,15.0,0.4,0
7.8,36.24,15.0,0.4,0
4.4,33.52,15.0,0.4,0
3.4,32.72,15.0,0.4,0
0.0,30.0,15.0,0.4,0
0.0,30.0,15.0,0.4,0
0.0,30.0,15.0,0.4,0
0.0,30.0,15.0,0.4,0
0.0,30.0,15.0,0.4,0
0.3,30.24,15.0,0.4,0
18.6,44.88,15.0,0.4,0
14.3,41.44,15.0,0.4,0
12.8,40.24,15.0,0.4,0
13.3,40.64,15.0,0.4,0
1.5,31.2,15.0,0.4,0
0.0,30.0,15.0,0.4,0
0.0,30.0,15.0,0.4,0
0.3,30.24,15.0,0.4,0
1.3,31.04,15.0,0.4,0
2.2,31.76,15.0,0.4,0
0.0,30.0,15.0,0.4,0
0.0,30.0,15.0,0.4,0
0.0,30.0,15.0,0.4,0
0.0,30.0,15.0,0.4,0
0.3,30.24,15.0,0.4,0
1.3,31.04,15.0,0.4,0
0.0,30.0,15.0,0.4,0
0.0,30.0,15.0,0.4,0
0.2,30.16,15.0,0.4,0
0.0,30.0,15.0,0.4,0
0.0,30.0,15.0,0.4,0
0.0,30.0,15.0,0.4,0
0.0,30.0,15.0,0.4,0
0.0,30.0,15.0,0.4,0
0.0,30.0,15.0,0.4,0
0.0,30.0,15.0,0.4,0
0.0,30.0,15.0,0.4,0
0.0,30.0,15.0,0.4,0
0.0,30.0,15.0,0.4,0
0.0,30.0,15.0,0.4,0
0.0,30.0,15.0,0.4,0
0.0,30.0,15.0,0.4,0
0.0,30.0,15.0,0.4,0
0.0,30.0,15.0,0.4,0
0.0,30.0,15.0,0.4,0
0.1,30.08,15.0,0.4,0
1.0,30.8,15.0,0.4,0
0.6,30.48,15.0,0.4,0
0.0,30.0,15.0,0.4,0
0.0,30.0,15.0,0.4,0
0.0,30.0,15.0,0.4,0
0.0,30.0,15.0,0.4,0
0.0,30.0,15.0,0.4,0
0.0,30.0,15.0,0.4,0
0.0,30.0,15.0,0.4,0
0.0,30.0,15.0,0.4,0
0.0,30.0,15.0,0.4,0
0.0,30.0,15.0,0.4,0
0.0,30.0,15.0,0.4,0
0.0,30.0,15.0,0.4,0
0.0,30.0,15.0,0.4,0
0.0,30.0,15.0,0.4,0
0.0,30.0,15.0,0.4,0
0.0,30.0,15.0,0.4,0
0.9,30.72,15.0,0.4,0
0.0,30.0,15.0,0.4,0
0.0,30.0,15.0,0.4,0
0.0,30.0,15.0,0.4,0
0.0,30.0,15.0,0.4,0
0.0,30.0,15.0,0.4,0
0.0,30.0,15.0,0.4,0
0.0,30.0,15.0,0.4,0
0.0,30.0,15.0,0.4,0
0.0,30.0,15.0,0.4,0
0.0,30.0,15.0,0.4,0
0.0,30.0,15.0,0.4,0
2.8,32.24,15.0,0.4,0
0.0,30.0,15.0,0.4,0
0.0,30.0,15.0,0.4,0
7.2,35.76,15.0,0.4,0
0.0,30.0,15.0,0.4,0
0.0,30.0,15.0,0.4,0
0.0,30.0,15.0,0.4,0
0.0,30.0,15.0,0.4,0
0.4,30.32,15.0,0.4,0
0.0,30.0,15.0,0.4,0
0.0,30.0,15.0,0.4,0
0.0,30.0,15.0,0.4,0
0.0,30.0,15.0,0.4,0
0.0,30.0,15.0,0.4,0
0.0,30.0,15.0,0.4,0
0.0,30.0,15.0,0.4,0
0.0,30.0,15.0,0.4,0
0.0,30.0,15.0,0.4,0
0.0,30.0,15.0,0.4,0
0.0,30.0,15.0,0.4,0
0.0,30.0,15.0,0.4,0
11.3,39.04,15.0,0.4,0
0.0,30.0,15.0,0.4,0
0.0,30.0,15.0,0.4,0
0.0,30.0,15.0,0.4,0
0.0,30.0,15.0,0.4,0
0.0,30.0,15.0,0.4,0
0.2,30.16,15.0,0.4,0
0.0,30.0,15.0,0.4,0
9.1,37.28,15.0,0.4,0
2.2,31.76,15.0,0.4,0
1.1,30.88,15.0,0.4,0
0.3,30.24,15.0,0.4,0
0.2,30.16,15.0,0.4,0
0.0,30.0,15.0,0.4,0
3.0,32.4,15.0,0.4,0
1.0,30.8,15.0,0.4,0
0.0,30.0,15.0,0.4,0
0.0,30.0,15.0,0.4,0
0.0,30.0,15.0,0.4,0
1.8,31.44,15.0,0.4,0
10.4,38.32,15.0,0.4,0
0.0,30.0,15.0,0.4,0
0.2,30.16,15.0,0.4,0
27.7,52.16,15.0,0.4,0
12.0,39.6,15.0,0.4,0
0.0,30.0,15.0,0.4,0
1.3,31.04,15.0,0.4,0
0.7,30.56,15.0,0.4,0
0.0,30.0,15.0,0.4,0
0.3,30.24,15.0,0.4,0
1.1,30.88,15.0,0.4,0
0.9,30.72,15.0,0.4,0
0.0,30.0,15.0,0.4,0
0.0,30.0,15.0,0.4,0
0.0,30.0,15.0,0.4,0
0.0,30.0,15.0,0.4,0
0.0,30.0,15.0,0.4,0
0.0,30.0,15.0,0.4,0
0.0,30.0,15.0,0.4,0
2.3,31.84,15.0,0.4,0
3.2,32.56,15.0,0.4,0
0.0,30.0,15.0,0.4,0
0.0,30.0,15.0,0.4,0
0.0,30.0,15.0,0.4,0
10.2,38.16,15.0,0.4,0
0.0,30.0,15.0,0.4,0
0.0,30.0,15.0,0.4,0
4.4,33.52,15.0,0.4,0
0.0,30.0,15.0,0.4,0
0.0,30.0,15.0,0.4,0
0.0,30.0,15.0,0.4,0
0.0,30.0,15.0,0.4,0
0.0,30.0,15.0,0.4,0
0.0,30.0,15.0,0.4,0
0.0,30.0,15.0,0.4,0
0.0,30.0,15.0,0.4,0
0.0,30.0,15.0,0.4,0
0.0,30.0,15.0,0.4,0
0.0,30.0,15.0,0.4,0
0.0,30.0,15.0,0.4,0
0.0,30.0,15.0,0.4,0
0.0,30.0,15.0,0.4,0
0.0,30.0,15.0,0.4,0
0.0,30.0,15.0,0.4,0
0.0,30.0,15.0,0.4,0
0.0,30.0,15.0,0.4,0
0.0,30.0,15.0,0.4,0
0.0,30.0,15.0,0.4,0
0.0,30.0,15.0,0.4,0
0.0,30.0,15.0,0.4,0
0.0,30.0,15.0,0.4,0
0.0,30.0,15.0,0.4,0
1.8,31.44,15.0,0.4,0
0.1,30.08,15.0,0.4,0
0.0,30.0,15.0,0.4,0
1.7,31.36,15.0,0.4,0
0.3,30.24,15.0,0.4,0
0.7,30.56,15.0,0.4,0
1.4,31.12,15.0,0.4,0
38.8,61.04,15.0,0.4,0
36.9,59.519999999999996,15.0,0.4,0
1.7,31.36,15.0,0.4,0
2.2,31.76,15.0,0.4,0
0.4,30.32,15.0,0.4,0
2.1,31.68,15.0,0.4,0
0.4,30.32,15.0,0.4,0
1.2,30.96,15.0,0.4,0
13.0,40.4,15.0,0.4,0
27.4,51.92,15.0,0.4,0
12.0,39.6,15.0,0.4,0
1.9,31.52,15.0,0.4,0
21.2,46.96,15.0,0.4,0
11.9,39.52,15.0,0.4,0
0.3,30.24,15.0,0.4,0
1.3,31.04,15.0,0.4,0
2.6,32.08,15.0,0.4,0
0.2,30.16,15.0,0.4,0
21.8,47.44,15.0,0.4,0
6.7,35.36,15.0,0.4,0
0.3,30.24,15.0,0.4,0
7.4,35.92,15.0,0.4,0
4.6,33.68,15.0,0.4,0
0.0,30.0,15.0,0.4,0
0.1,30.08,15.0,0.4,0
0.9,30.72,15.0,0.4,0
4.6,33.68,15.0,0.4,0
1.3,31.04,15.0,0.4,0
14.4,41.52,15.0,0.4,0
6.8,35.44,15.0,0.4,0
1.5,31.2,15.0,0.4,0
8.1,36.480000000000004,15.0,0.4,0
8.5,36.8,15.0,0.4,0
1.3,31.04,15.0,0.4,0
0.1,30.08,15.0,0.4,0
5.5,34.4,15.0,0.4,0
6.4,35.120000000000005,15.0,0.4,0
0.6,30.48,15.0,0.4,0
1.7,31.36,15.0,0.4,0
4.9,33.92,15.0,0.4,0
1.4,31.12,15.0,0.4,0
7.6,36.08,15.0,0.4,0
40.9,62.72,15.0,0.4,0
36.6,59.28,15.0,0.4,0
42.4,63.92,15.0,0.4,0
21.7,47.36,15.0,0.4,0
66.8,83.44,15.0,0.4,0
4.3,33.44,15.0,0.4,0
6.8,35.44,15.0,0.4,0
12.2,39.76,15.0,0.4,0
49.5,69.6,15.0,0.4,0
8.9,37.120000000000005,15.0,0.4,0
9.2,37.36,15.0,0.4,0
6.2,34.96,15.0,0.4,0
4.9,33.92,15.0,0.4,0
2.1,31.68,15.0,0.4,0
1.6,31.28,15.0,0.4,0
1.3,31.04,15.0,0.4,0
0.8,30.64,15.0,0.4,0
12.5,40.0,15.0,0.4,0
17.0,43.6,15.0,0.4,0
16.6,43.28,15.0,0.4,0
16.0,42.8,15.0,0.4,0
14.2,41.36,15.0,0.4,0
4.3,33.44,15.0,0.4,0
0.8,30.64,15.0,0.4,0
1.1,30.88,15.0,0.4,0
6.3,35.04,15.0,0.4,0
23.4,48.72,15.0,0.4,0
8.5,36.8,15.0,0.4,0
21.0,46.8,15.0,0.4,0
5.3,34.24,15.0,0.4,0
4.2,33.36,15.0,0.4,0
19.6,45.68,15.0,0.4,0
10.5,38.4,15.0,0.4,0
28.1,52.480000000000004,15.0,0.4,0
31.3,55.040000000000006,15.0,0.4,0
55.2,74.16,15.0,0.4,0
14.2,41.36,15.0,0.4,0
13.2,40.56,15.0,0.4,0
6.7,35.36,15.0,0.4,0
3.7,32.96,15.0,0.4,0
22.6,48.08,15.0,0.4,0
12.1,39.68,15.0,0.4,0
12.7,40.16,15.0,0.4,0
16.5,43.2,15.0,0.4,0
2.9,32.32,15.0,0.4,0
6.6,35.28,15.0,0.4,0
17.8,44.24,15.0,0.4,0
18.0,44.4,15.0,0.4,0
8.0,36.4,15.0,0.4,0
17.9,44.32,15.0,0.4,0
21.9,47.519999999999996,15.0,0.4,0
8.2,36.56,15.0,0.4,0
8.2,36.56,15.0,0.4,0
4.0,33.2,15.0,0.4,0
24.4,49.519999999999996,15.0,0.4,0
0.0,30.0,15.0,0.4,0
8.5,36.8,15.0,0.4,0
5.8,34.64,15.0,0.4,0
10.4,38.32,15.0,0.4,0
22.5,48.0,15.0,0.4,0
20.9,46.72,15.0,0.4,0
2.0,31.6,15.0,0.4,0
1.4,31.12,15.0,0.4,0
0.0,30.0,15.0,0.4,0
13.9,41.120000000000005,15.0,0.4,0
31.7,55.36,15.0,0.4,0
0.4,30.32,15.0,0.4,0
1.3,31.04,15.0,0.4,0
37.0,59.6,15.0,0.4,0
40.0,62.0,15.0,0.4,0
10.1,38.08,15.0,0.4,0
16.1,42.88,15.0,0.4,0
7.6,36.08,15.0,0.4,0
8.6,36.88,15.0,0.4,0
12.7,40.16,15.0,0.4,0
2.2,31.76,15.0,0.4,0
3.4,32.72,15.0,0.4,0
17.8,44.24,15.0,0.4,0
26.1,50.88,15.0,0.4,0
17.4,43.92,15.0,0.4,0
9.7,37.76,15.0,0.4,0
8.5,36.8,15.0,0.4,0
13.9,41.120000000000005,15.0,0.4,0
10.3,38.24,15.0,0.4,0
10.1,38.08,15.0,0.4,0
2.7,32.16,15.0,0.4,0
15.9,42.72,15.0,0.4,0
25.8,50.64,15.0,0.4,0
3.0,32.4,15.0,0.4,0
1.6,31.28,15.0,0.4,0
0.1,30.08,15.0,0.4,0
0.3,30.24,15.0,0.4,0
0.1,30.08,15.0,0.4,0
44.1,65.28,15.0,0.4,0
2.8,32.24,15.0,0.4,0
1.0,30.8,15.0,0.4,0
0.8,30.64,15.0,0.4,0
0.7,30.56,15.0,0.4,0
5.0,34.0,15.0,0.4,0
2.8,32.24,15.0,0.4,0
10.2,38.16,15.0,0.4,0
0.5,30.4,15.0,0.4,0
13.3,40.64,15.0,0.4,0
0.4,30.32,15.0,0.4,0
0.6,30.48,15.0,0.4,0
0.0,30.0,15.0,0.4,0
1.8,31.44,15.0,0.4,0
23.6,48.88,15.0,0.4,0
13.1,40.480000000000004,15.0,0.4,0
1.6,31.28,15.0,0.4,0
16.1,42.88,15.0,0.4,0
13.2,40.56,15.0,0.4,0
2.1,31.68,15.0,0.4,0
19.2,45.36,15.0,0.4,0
8.1,36.480000000000004,15.0,0.4,0
11.2,38.96,15.0,0.4,0
30.6,54.480000000000004,15.0,0.4,0
16.6,43.28,15.0,0.4,0
13.2,40.56,15.0,0.4,0
0.0,30.0,15.0,0.4,0
0.0,30.0,15.0,0.4,0
26.7,51.36,15.0,0.4,0
39.1,61.28,15.0,0.4,0
10.9,38.72,15.0,0.4,0
1.1,30.88,15.0,0.4,0
3.9,33.12,15.0,0.4,0
14.6,41.68,15.0,0.4,0
7.7,36.16,15.0,0.4,0
0.7,30.56,15.0,0.4,0
10.5,38.4,15.0,0.4,0
17.8,44.24,15.0,0.4,0
3.3,32.64,15.0,0.4,0
4.9,33.92,15.0,0.4,0
6.4,35.120000000000005,15.0,0.4,0
6.7,35.36,15.0,0.4,0
8.0,36.4,15.0,0.4,0
5.2,34.16,15.0,0.4,0
9.8,37.84,15.0,0.4,0
7.6,36.08,15.0,0.4,0
2.1,31.68,15.0,0.4,0
0.1,30.08,15.0,0.4,0
0.4,30.32,15.0,0.4,0
0.2,30.16,15.0,0.4,0
12.6,40.08,15.0,0.4,0
9.0,37.2,15.0,0.4,0
10.5,38.4,15.0,0.4,0
0.9,30.72,15.0,0.4,0
5.7,34.56,15.0,0.4,0
2.3,31.84,15.0,0.4,0
2.5,32.0,15.0,0.4,0
5.0,34.0,15.0,0.4,0
8.2,36.56,15.0,0.4,0
5.1,34.08,15.0,0.4,0
15.4,42.32,15.0,0.4,0
0.8,30.64,15.0,0.4,0
0.0,30.0,15.0,0.4,0
0.0,30.0,15.0,0.4,0
0.8,30.64,15.0,0.4,0
1.9,31.52,15.0,0.4,0
0.9,30.72,15.0,0.4,0
0.0,30.0,15.0,0.4,0
0.0,30.0,15.0,0.4,0
0.0,30.0,15.0,0.4,0
2.5,32.0,15.0,0.4,0
30.0,54.0,15.0,0.4,0
22.8,48.24,15.0,0.4,0
5.5,34.4,15.0,0.4,0
1.5,31.2,15.0,0.4,0
0.0,30.0,15.0,0.4,0
0.0,30.0,15.0,0.4,0
0.0,30.0,15.0,0.4,0
0.0,30.0,15.0,0.4,0
0.0,30.0,15.0,0.4,0
0.3,30.24,15.0,0.4,0
0.2,30.16,15.0,0.4,0
0.0,30.0,15.0,0.4,0
0.0,30.0,15.0,0.4,0
0.2,30.16,15.0,0.4,0
0.1,30.08,15.0,0.4,0
0.0,30.0,15.0,0.4,0
0.0,30.0,15.0,0.4,0
0.0,30.0,15.0,0.4,0
0.0,30.0,15.0,0.4,0
0.3,30.24,15.0,0.4,0
0.0,30.0,15.0,0.4,0
0.0,30.0,15.0,0.4,0
0.0,30.0,15.0,0.4,0
0.8,30.64,15.0,0.4,0
0.2,30.16,15.0,0.4,0
0.0,30.0,15.0,0.4,0
0.0,30.0,15.0,0.4,0
0.0,30.0,15.0,0.4,0
0.0,30.0,15.0,0.4,0
0.0,30.0,15.0,0.4,0
0.0,30.0,15.0,0.4,0
0.0,30.0,15.0,0.4,0
0.0,30.0,15.0,0.4,0
0.0,30.0,15.0,0.4,0
0.0,30.0,15.0,0.4,0
0.0,30.0,15.0,0.4,0
0.0,30.0,15.0,0.4,0
0.0,30.0,15.0,0.4,0
0.0,30.0,15.0,0.4,0
0.0,30.0,15.0,0.4,0
0.0,30.0,15.0,0.4,0
0.0,30.0,15.0,0.4,0
0.0,30.0,15.0,0.4,0
0.0,30.0,15.0,0.4,0
0.0,30.0,15.0,0.4,0
0.0,30.0,15.0,0.4,0
0.0,30.0,15.0,0.4,0
0.0,30.0,15.0,0.4,0
0.0,30.0,15.0,0.4,0
0.0,30.0,15.0,0.4,0
0.0,30.0,15.0,0.4,0
0.0,30.0,15.0,0.4,0
1.4,31.12,15.0,0.4,0
0.6,30.48,15.0,0.4,0
0.0,30.0,15.0,0.4,0
0.0,30.0,15.0,0.4,0
0.0,30.0,15.0,0.4,0
0.4,30.32,15.0,0.4,0
0.0,30.0,15.0,0.4,0
1.6,31.28,15.0,0.4,0
0.3,30.24,15.0,0.4,0
0.2,30.16,15.0,0.4,0
0.4,30.32,15.0,0.4,0
0.9,30.72,15.0,0.4,0
0.9,30.72,15.0,0.4,0
3.3,32.64,15.0,0.4,0
0.0,30.0,15.0,0.4,0
0.0,30.0,15.0,0.4,0
0.8,30.64,15.0,0.4,0
0.0,30.0,15.0,0.4,0
0.0,30.0,15.0,0.4,0
0.0,30.0,15.0,0.4,0
0.0,30.0,15.0,0.4,0
0.0,30.0,15.0,0.4,0
0.0,30.0,15.0,0.4,0
0.0,30.0,15.0,0.4,0
0.0,30.0,15.0,0.4,0
0.0,30.0,15.0,0.4,0
0.0,30.0,15.0,0.4,0
0.0,30.0,15.0,0.4,0
0.3,30.24,15.0,0.4,0
0.0,30.0,15.0,0.4,0
0.0,30.0,15.0,0.4,0
0.3,30.24,15.0,0.4,0
0.2,30.16,15.0,0.4,0
0.1,30.08,15.0,0.4,0
0.0,30.0,15.0,0.4,0
0.0,30.0,15.0,0.4,0
0.0,30.0,15.0,0.4,0
0.0,30.0,15.0,0.4,0
0.0,30.0,15.0,0.4,0
0.0,30.0,15.0,0.4,0
0.0,30.0,15.0,0.4,0
0.0,30.0,15.0,0.4,0
0.0,30.0,15.0,0.4,0
0.0,30.0,15.0,0.4,0
0.0,30.0,15.0,0.4,0
0.0,30.0,15.0,0.4,0
0.0,30.0,15.0,0.4,0
0.0,30.0,15.0,0.4,0
0.8,30.64,15.0,0.4,0
0.0,30.0,15.0,0.4,0
0.0,30.0,15.0,0.4,0
0.0,30.0,15.0,0.4,0
0.2,30.16,15.0,0.4,0
0.6,30.48,15.0,0.4,0
0.5,30.4,15.0,0.4,0
2.1,31.68,15.0,0.4,0
0.3,30.24,15.0,0.4,0
1.2,30.96,15.0,0.4,0
1.7,31.36,15.0,0.4,0
0.9,30.72,15.0,0.4,0
0.0,30.0,15.0,0.4,0
0.0,30.0,15.0,0.4,0
0.0,30.0,15.0,0.4,0
0.0,30.0,15.0,0.4,0
0.0,30.0,15.0,0.4,0
0.0,30.0,15.0,0.4,0
0.0,30.0,15.0,0.4,0
0.0,30.0,15.0,0.4,0
1.8,31.44,15.0,0.4,0
5.7,34.56,15.0,0.4,0
2.2,31.76,15.0,0.4,0
0.0,30.0,15.0,0.4,0
0.0,30.0,15.0,0.4,0
0.0,30.0,15.0,0.4,0
0.0,30.0,15.0,0.4,0
0.0,30.0,15.0,0.4,0
0.0,30.0,15.0,0.4,0
0.0,30.0,15.0,0.4,0
0.2,30.16,15.0,0.4,0
0.0,30.0,15.0,0.4,0
0.3,30.24,15.0,0.4,0
4.5,33.6,15.0,0.4,0
0.0,30.0,15.0,0.4,0
0.0,30.0,15.0,0.4,0
0.0,30.0,15.0,0.4,0
0.0,30.0,15.0,0.4,0
0.0,30.0,15.0,0.4,0
0.0,30.0,15.0,0.4,0
0.0,30.0,15.0,0.4,0
0.0,30.0,15.0,0.4,0
11.1,38.88,15.0,0.4,0
0.0,30.0,15.0,0.4,0
0.0,30.0,15.0,0.4,0
7.8,36.24,15.0,0.4,0
8.2,36.56,15.0,0.4,0
17.3,43.84,15.0,0.4,0
19.8,45.84,15.0,0.4,0
1.0,30.8,15.0,0.4,0
3.6,32.88,15.0,0.4,0
0.6,30.48,15.0,0.4,0
0.1,30.08,15.0,0.4,0
5.5,34.4,15.0,0.4,0
0.0,30.0,15.0,0.4,0
0.2,30.16,15.0,0.4,0
0.0,30.0,15.0,0.4,0
0.0,30.0,15.0,0.4,0
6.9,35.52,15.0,0.4,0
24.3,49.44,15.0,0.4,0
2.6,32.08,15.0,0.4,0
8.6,36.88,15.0,0.4,0
1.2,30.96,15.0,0.4,0
0.0,30.0,15.0,0.4,0
2.5,32.0,15.0,0.4,0
0.0,30.0,15.0,0.4,0
0.0,30.0,15.0,0.4,0
0.0,30.0,15.0,0.4,0
0.0,30.0,15.0,0.4,0
0.0,30.0,15.0,0.4,0
0.0,30.0,15.0,0.4,0
0.0,30.0,15.0,0.4,0
0.0,30.0,15.0,0.4,0
0.0,30.0,15.0,0.4,0
0.0,30.0,15.0,0.4,0
0.6,30.48,15.0,0.4,0
0.6,30.48,15.0,0.4,0
0.8,30.64,15.0,0.4,0
1.7,31.36,15.0,0.4,0
0.7,30.56,15.0,0.4,0
3.1,32.480000000000004,15.0,0.4,0
13.1,40.480000000000004,15.0,0.4,0
0.0,30.0,15.0,0.4,0
1.0,30.8,15.0,0.4,0
4.9,33.92,15.0,0.4,0
4.5,33.6,15.0,0.4,0
9.2,37.36,15.0,0.4,0
3.4,32.72,15.0,0.4,0
6.9,35.52,15.0,0.4,0
2.8,32.24,15.0,0.4,0
3.3,32.64,15.0,0.4,0
1.2,30.96,15.0,0.4,0
29.8,53.84,15.0,0.4,0
0.3,30.24,15.0,0.4,0
1.1,30.88,15.0,0.4,0
1.9,31.52,15.0,0.4,0
0.3,30.24,15.0,0.4,0
0.0,30.0,15.0,0.4,0
0.0,30.0,15.0,0.4,0
5.1,34.08,15.0,0.4,0
0.0,30.0,15.0,0.4,0
0.0,30.0,15.0,0.4,0
0.0,30.0,15.0,0.4,0
3.9,33.12,15.0,0.4,0
2.4,31.92,15.0,0.4,0
18.2,44.56,15.0,0.4,0
18.8,45.04,15.0,0.4,0
9.6,37.68,15.0,0.4,0
4.0,33.2,15.0,0.4,0
12.2,39.76,15.0,0.4,0
4.9,33.92,15.0,0.4,0
12.7,40.16,15.0,0.4,0
30.8,54.64,15.0,0.4,0
1.6,31.28,15.0,0.4,0
8.3,36.64,15.0,0.4,0
6.8,35.44,15.0,0.4,0
0.6,30.48,15.0,0.4,0
0.0,30.0,15.0,0.4,0
0.0,30.0,15.0,0.4,0
6.8,35.44,15.0,0.4,0
0.8,30.64,15.0,0.4,0
0.0,30.0,15.0,0.4,0
0.0,30.0,15.0,0.4,0
1.4,31.12,15.0,0.4,0
0.2,30.16,15.0,0.4,0
0.7,30.56,15.0,0.4,0
29.6,53.68000000000001,15.0,0.4,0
34.7,57.760000000000005,15.0,0.4,0
38.0,60.400000000000006,15.0,0.4,0
63.3,80.64,15.0,0.4,0
64.9,81.92000000000002,15.0,0.4,0
10.3,38.24,15.0,0.4,0
9.2,37.36,15.0,0.4,0
24.0,49.2,15.0,0.4,0
12.3,39.84,15.0,0.4,0
22.8,48.24,15.0,0.4,0
52.3,71.84,15.0,0.4,0
46.8,67.44,15.0,0.4,0
49.6,69.68,15.0,0.4,0
26.7,51.36,15.0,0.4,0
15.7,42.56,15.0,0.4,0
14.2,41.36,15.0,0.4,0
11.5,39.2,15.0,0.4,0
15.5,42.4,15.0,0.4,0
19.5,45.6,15.0,0.4,0
34.0,57.2,15.0,0.4,0
23.0,48.400000000000006,15.0,0.4,0
2.9,32.32,15.0,0.4,0
12.3,39.84,15.0,0.4,0
4.2,33.36,15.0,0.4,0
19.8,45.84,15.0,0.4,0
25.1,50.08,15.0,0.4,0
21.4,47.120000000000005,15.0,0.4,0
9.5,37.6,15.0,0.4,0
30.4,54.32,15.0,0.4,0
45.6,66.48,15.0,0.4,0
17.1,43.68,15.0,0.4,0
10.7,38.56,15.0,0.4,0
5.4,34.32,15.0,0.4,0
13.8,41.04,15.0,0.4,0
4.3,33.44,15.0,0.4,0
11.8,39.44,15.0,0.4,0
16.4,43.12,15.0,0.4,0
21.4,47.120000000000005,15.0,0.4,0
16.3,43.04,15.0,0.4,0
30.3,54.24,15.0,0.4,0
16.1,42.88,15.0,0.4,0
0.0,30.0,15.0,0.4,0
8.5,36.8,15.0,0.4,0
5.4,34.32,15.0,0.4,0
16.3,43.04,15.0,0.4,0
22.2,47.760000000000005,15.0,0.4,0
16.7,43.36,15.0,0.4,0
28.2,52.56,15.0,0.4,0
35.5,58.400000000000006,15.0,0.4,0
5.7,34.56,15.0,0.4,0
19.7,45.76,15.0,0.4,0
31.2,54.96,15.0,0.4,0
21.1,46.88,15.0,0.4,0
10.2,38.16,15.0,0.4,0
1.1,30.88,15.0,0.4,0
2.1,31.68,15.0,0.4,0
12.3,39.84,15.0,0.4,0
42.8,64.24000000000001,15.0,0.4,0
51.5,71.2,15.0,0.4,0
6.4,35.120000000000005,15.0,0.4,0
41.8,63.44,15.0,0.4,0
45.6,66.48,15.0,0.4,0
59.0,77.2,15.0,0.4,0
5.5,34.4,15.0,0.4,0
8.0,36.4,15.0,0.4,0
16.4,43.12,15.0,0.4,0
43.6,64.88,15.0,0.4,0
41.2,62.96,15.0,0.4,0
1.6,31.28,15.0,0.4,0
3.1,32.480000000000004,15.0,0.4,0
10.7,38.56,15.0,0.4,0
3.7,32.96,15.0,0.4,0
11.8,39.44,15.0,0.4,0
14.8,41.84,15.0,0.4,0
4.5,33.6,15.0,0.4,0
4.6,33.68,15.0,0.4,0
13.8,41.04,15.0,0.4,0
15.8,42.64,15.0,0.4,0
27.8,52.24,15.0,0.4,0
59.8,77.84,15.0,0.4,0
45.4,66.32,15.0,0.4,0
21.5,47.2,15.0,0.4,0
3.0,32.4,15.0,0.4,0
0.6,30.48,15.0,0.4,0
0.0,30.0,15.0,0.4,0
0.2,30.16,15.0,0.4,0
1.6,31.28,15.0,0.4,0
1.8,31.44,15.0,0.4,0
2.7,32.16,15.0,0.4,0
0.0,30.0,15.0,0.4,0
0.0,30.0,15.0,0.4,0
0.0,30.0,15.0,0.4,0
11.4,39.120000000000005,15.0,0.4,0
10.1,38.08,15.0,0.4,0
13.7,40.96,15.0,0.4,0
1.3,31.04,15.0,0.4,0
5.9,34.72,15.0,0.4,0
7.9,36.32,15.0,0.4,0
7.2,35.76,15.0,0.4,0
0.7,30.56,15.0,0.4,0
9.8,37.84,15.0,0.4,0
2.0,31.6,15.0,0.4,0
2.2,31.76,15.0,0.4,0
4.0,33.2,15.0,0.4,0
9.2,37.36,15.0,0.4,0
35.4,58.32,15.0,0.4,0
25.5,50.400000000000006,15.0,0.4,0
4.5,33.6,15.0,0.4,0
13.0,40.4,15.0,0.4,0
2.7,32.16,15.0,0.4,0
10.2,38.16,15.0,0.4,0
11.7,39.36,15.0,0.4,0
2.9,32.32,15.0,0.4,0
0.0,30.0,15.0,0.4,0
0.0,30.0,15.0,0.4,0
8.6,36.88,15.0,0.4,0
9.3,37.44,15.0,0.4,0
32.3,55.84,15.0,0.4,0
29.9,53.92,15.0,0.4,0
38.4,60.72,15.0,0.4,0
66.8,83.44,15.0,0.4,0
53.6,72.88,15.0,0.4,0
18.1,44.480000000000004,15.0,0.4,0
9.5,37.6,15.0,0.4,0
3.7,32.96,15.0,0.4,0
4.7,33.76,15.0,0.4,0
3.2,32.56,15.0,0.4,0
6.1,34.88,15.0,0.4,0
0.9,30.72,15.0,0.4,0
1.2,30.96,15.0,0.4,0
1.6,31.28,15.0,0.4,0
0.6,30.48,15.0,0.4,0
2.0,31.6,15.0,0.4,0
0.9,30.72,15.0,0.4,0
1.6,31.28,15.0,0.4,0
0.0,30.0,15.0,0.4,0
0.0,30.0,15.0,0.4,0
0.0,30.0,15.0,0.4,0
0.0,30.0,15.0,0.4,0
0.0,30.0,15.0,0.4,0
0.3,30.24,15.0,0.4,0
0.5,30.4,15.0,0.4,0
0.8,30.64,15.0,0.4,0
0.0,30.0,15.0,0.4,0
0.0,30.0,15.0,0.4,0
0.0,30.0,15.0,0.4,0
0.0,30.0,15.0,0.4,0
0.0,30.0,15.0,0.4,0
0.0,30.0,15.0,0.4,0
0.0,30.0,15.0,0.4,0
11.1,38.88,15.0,0.4,0
0.1,30.08,15.0,0.4,0
0.0,30.0,15.0,0.4,0
0.0,30.0,15.0,0.4,0
0.3,30.24,15.0,0.4,0
0.0,30.0,15.0,0.4,0
0.0,30.0,15.0,0.4,0
0.0,30.0,15.0,0.4,0
0.0,30.0,15.0,0.4,0
0.0,30.0,15.0,0.4,0
0.0,30.0,15.0,0.4,0
0.0,30.0,15.0,0.4,0
0.0,30.0,15.0,0.4,0
5.1,34.08,15.0,0.4,0
0.0,30.0,15.0,0.4,0
0.0,30.0,15.0,0.4,0
0.2,30.16,15.0,0.4,0
1.5,31.2,15.0,0.4,0
3.7,32.96,15.0,0.4,0
0.0,30.0,15.0,0.4,0
0.0,30.0,15.0,0.4,0
0.0,30.0,15.0,0.4,0
0.0,30.0,15.0,0.4,0
0.0,30.0,15.0,0.4,0
0.0,30.0,15.0,0.4,0
0.0,30.0,15.0,0.4,0
0.0,30.0,15.0,0.4,0
0.0,30.0,15.0,0.4,0
0.0,30.0,15.0,0.4,0
0.0,30.0,15.0,0.4,0
0.0,30.0,15.0,0.4,0
0.2,30.16,15.0,0.4,0
0.0,30.0,15.0,0.4,0
4.6,33.68,15.0,0.4,0
2.9,32.32,15.0,0.4,0
1.3,31.04,15.0,0.4,0
2.0,31.6,15.0,0.4,0
0.2,30.16,15.0,0.4,0
1.2,30.96,15.0,0.4,0
4.5,33.6,15.0,0.4,0
0.4,30.32,15.0,0.4,0
0.0,30.0,15.0,0.4,0
0.0,30.0,15.0,0.4,0
0.0,30.0,15.0,0.4,0
0.0,30.0,15.0,0.4,0
0.0,30.0,15.0,0.4,0
0.0,30.0,15.0,0.4,0
0.0,30.0,15.0,0.4,0
0.0,30.0,15.0,0.4,0
0.0,30.0,15.0,0.4,0
0.0,30.0,15.0,0.4,0
0.0,30.0,15.0,0.4,0
0.0,30.0,15.0,0.4,0
0.0,30.0,15.0,0.4,0
0.0,30.0,15.0,0.4,0
0.0,30.0,15.0,0.4,0
0.0,30.0,15.0,0.4,0
0.0,30.0,15.0,0.4,0
0.0,30.0,25.0,0.7,0
0.0,30.0,25.0,0.7,0
0.0,30.0,25.0,0.7,0
0.0,30.0,25.0,0.7,0
0.0,30.0,25.0,0.7,0
0.0,30.0,25.0,0.7,0
0.0,30.0,25.0,0.7,0
0.0,30.0,25.0,0.7,0
0.0,30.0,25.0,0.7,0
0.0,30.0,25.0,0.7,0
0.0,30.0,25.0,0.7,0
0.0,30.0,25.0,0.7,0
0.0,30.0,25.0,0.7,0
1.3,31.04,25.0,0.7,0
0.1,30.08,25.0,0.7,0
0.3,30.24,25.0,0.7,0
0.0,30.0,25.0,0.7,0
0.0,30.0,25.0,0.7,0
0.0,30.0,25.0,0.7,0
3.5,32.8,25.0,0.7,0
0.0,30.0,25.0,0.7,0
0.0,30.0,25.0,0.7,0
0.0,30.0,25.0,0.7,0
0.3,30.24,25.0,0.7,0
0.0,30.0,25.0,0.7,0
0.0,30.0,25.0,0.7,0
0.0,30.0,25.0,0.7,0
0.0,30.0,25.0,0.7,0
0.0,30.0,25.0,0.7,0
0.0,30.0,25.0,0.7,0
0.2,30.16,25.0,0.7,0
0.5,30.4,25.0,0.7,0
0.0,30.0,25.0,0.7,0
0.6,30.48,25.0,0.7,0
0.0,30.0,25.0,0.7,0
0.0,30.0,25.0,0.7,0
0.5,30.4,25.0,0.7,0
1.2,30.96,25.0,0.7,0
0.0,30.0,25.0,0.7,0
0.0,30.0,25.0,0.7,0
0.0,30.0,25.0,0.7,0
0.0,30.0,25.0,0.7,0
0.0,30.0,25.0,0.7,0
0.2,30.16,25.0,0.7,0
0.0,30.0,25.0,0.7,0
0.1,30.08,25.0,0.7,0
0.0,30.0,25.0,0.7,0
0.0,30.0,25.0,0.7,0
0.1,30.08,25.0,0.7,0
0.0,30.0,25.0,0.7,0
0.3,30.24,25.0,0.7,0
0.0,30.0,25.0,0.7,0
0.0,30.0,25.0,0.7,0
0.0,30.0,25.0,0.7,0
0.0,30.0,25.0,0.7,0
0.0,30.0,25.0,0.7,0
0.4,30.32,25.0,0.7,0
0.0,30.0,25.0,0.7,0
0.0,30.0,25.0,0.7,0
0.0,30.0,25.0,0.7,0
0.3,30.24,25.0,0.7,0
0.5,30.4,25.0,0.7,0
0.0,30.0,25.0,0.7,0
0.3,30.24,25.0,0.7,0
2.3,31.84,25.0,0.7,0
0.0,30.0,25.0,0.7,0
0.4,30.32,25.0,0.7,0
1.8,31.44,25.0,0.7,0
1.4,31.12,25.0,0.7,0
2.2,31.76,25.0,0.7,0
0.0,30.0,25.0,0.7,0
2.0,31.6,25.0,0.7,0
0.8,30.64,25.0,0.7,0
1.4,31.12,25.0,0.7,0
0.0,30.0,25.0,0.7,0
0.0,30.0,25.0,0.7,0
0.0,30.0,25.0,0.7,0
0.0,30.0,25.0,0.7,0
0.6,30.48,25.0,0.7,0
0.0,30.0,25.0,0.7,0
0.0,30.0,25.0,0.7,0
0.0,30.0,25.0,0.7,0
0.0,30.0,25.0,0.7,0
0.0,30.0,25.0,0.7,0
0.0,30.0,25.0,0.7,0
0.0,30.0,25.0,0.7,0
0.0,30.0,25.0,0.7,0
0.3,30.24,25.0,0.7,0
3.1,32.480000000000004,25.0,0.7,0
9.3,37.44,25.0,0.7,0
1.9,31.52,25.0,0.7,0
0.5,30.4,25.0,0.7,0
0.0,30.0,25.0,0.7,0
0.0,30.0,25.0,0.7,0
0.4,30.32,25.0,0.7,0
0.0,30.0,25.0,0.7,0
0.0,30.0,25.0,0.7,0
3.2,32.56,25.0,0.7,0
2.1,31.68,25.0,0.7,0
9.0,37.2,25.0,0.7,0
0.0,30.0,25.0,0.7,0
0.4,30.32,25.0,0.7,0
1.4,31.12,25.0,0.7,0
0.7,30.56,25.0,0.7,0
0.5,30.4,25.0,0.7,0
4.8,33.84,25.0,0.7,0
0.3,30.24,25.0,0.7,0
6.8,35.44,25.0,0.7,0
0.2,30.16,25.0,0.7,0
0.7,30.56,25.0,0.7,0
0.0,30.0,25.0,0.7,0
11.6,39.28,25.0,0.7,0
0.0,30.0,25.0,0.7,0
0.0,30.0,25.0,0.7,0
0.0,30.0,25.0,0.7,0
1.9,31.52,25.0,0.7,0
0.3,30.24,25.0,0.7,0
0.6,30.48,25.0,0.7,0
0.4,30.32,25.0,0.7,0
1.8,31.44,25.0,0.7,0
5.0,34.0,25.0,0.7,0
12.9,40.32,25.0,0.7,0
1.6,31.28,25.0,0.7,0
1.2,30.96,25.0,0.7,0
2.9,32.32,25.0,0.7,0
9.0,37.2,25.0,0.7,0
3.3,32.64,25.0,0.7,0
2.4,31.92,25.0,0.7,0
2.3,31.84,25.0,0.7,0
1.8,31.44,25.0,0.7,0
6.1,34.88,25.0,0.7,0
14.6,41.68,25.0,0.7,0
4.0,33.2,25.0,0.7,0
2.7,32.16,25.0,0.7,0
5.2,34.16,25.0,0.7,0
0.4,30.32,25.0,0.7,0
2.0,31.6,25.0,0.7,0
3.1,32.480000000000004,25.0,0.7,0
3.9,33.12,25.0,0.7,0
2.2,31.76,25.0,0.7,0
1.4,31.12,25.0,0.7,0
3.4,32.72,25.0,0.7,0
3.2,32.56,25.0,0.7,0
11.4,39.120000000000005,25.0,0.7,0
12.8,40.24,25.0,0.7,0
8.2,36.56,25.0,0.7,0
1.1,30.88,25.0,0.7,0
0.6,30.48,25.0,0.7,0
8.7,36.96,25.0,0.7,0
2.2,31.76,25.0,0.7,0
45.4,66.32,25.0,0.7,0
84.8,95.0,25.0,0.7,1
2.2,31.76,25.0,0.7,0
1.8,31.44,25.0,0.7,0
0.9,30.72,25.0,0.7,0
9.1,37.28,25.0,0.7,0
1.8,31.44,25.0,0.7,0
3.0,32.4,25.0,0.7,0
7.3,35.84,25.0,0.7,0
19.2,45.36,25.0,0.7,0
9.2,37.36,25.0,0.7,0
20.7,46.56,25.0,0.7,0
14.5,41.6,25.0,0.7,0
5.4,34.32,25.0,0.7,0
3.1,32.480000000000004,25.0,0.7,0
5.6,34.48,25.0,0.7,0
23.6,48.88,25.0,0.7,0
0.4,30.32,25.0,0.7,0
8.0,36.4,25.0,0.7,0
9.7,37.76,25.0,0.7,0
2.4,31.92,25.0,0.7,0
3.3,32.64,25.0,0.7,0
1.0,30.8,25.0,0.7,0
2.3,31.84,25.0,0.7,0
1.4,31.12,25.0,0.7,0
2.1,31.68,25.0,0.7,0
2.5,32.0,25.0,0.7,0
1.5,31.2,25.0,0.7,0
1.8,31.44,25.0,0.7,0
26.8,51.44,25.0,0.7,0
86.2,95.0,25.0,0.7,1
17.4,43.92,25.0,0.7,0
34.9,57.92,25.0,0.7,0
62.3,79.84,25.0,0.7,1
3.8,33.04,25.0,0.7,0
2.0,31.6,25.0,0.7,0
2.1,31.68,25.0,0.7,0
21.5,47.2,25.0,0.7,0
1.6,31.28,25.0,0.7,0
12.1,39.68,25.0,0.7,0
3.0,32.4,25.0,0.7,0
6.8,35.44,25.0,0.7,0
10.1,38.08,25.0,0.7,0
5.2,34.16,25.0,0.7,0
1.9,31.52,25.0,0.7,0
0.8,30.64,25.0,0.7,0
7.9,36.32,25.0,0.7,0
23.1,48.480000000000004,25.0,0.7,0
2.1,31.68,25.0,0.7,0
24.9,49.92,25.0,0.7,0
63.0,80.4,25.0,0.7,1
5.3,34.24,25.0,0.7,0
4.7,33.76,25.0,0.7,0
5.3,34.24,25.0,0.7,0
1.2,30.96,25.0,0.7,0
2.8,32.24,25.0,0.7,0
6.1,34.88,25.0,0.7,0
7.7,36.16,25.0,0.7,0
9.3,37.44,25.0,0.7,0
2.7,32.16,25.0,0.7,0
8.2,36.56,25.0,0.7,0
4.7,33.76,25.0,0.7,0
6.1,34.88,25.0,0.7,0
16.1,42.88,25.0,0.7,0
3.1,32.480000000000004,25.0,0.7,0
9.8,37.84,25.0,0.7,0
2.6,32.08,25.0,0.7,0
10.7,38.56,25.0,0.7,0
33.5,56.8,25.0,0.7,0
2.4,31.92,25.0,0.7,0
4.4,33.52,25.0,0.7,0
12.8,40.24,25.0,0.7,0
3.7,32.96,25.0,0.7,0
2.8,32.24,25.0,0.7,0
50.5,70.4,25.0,0.7,0
9.0,37.2,25.0,0.7,0
19.6,45.68,25.0,0.7,0
10.8,38.64,25.0,0.7,0
7.7,36.16,25.0,0.7,0
4.0,33.2,25.0,0.7,0
0.9,30.72,25.0,0.7,0
4.4,33.52,25.0,0.7,0
21.0,46.8,25.0,0.7,0
2.3,31.84,25.0,0.7,0
19.5,45.6,25.0,0.7,0
2.7,32.16,25.0,0.7,0
5.3,34.24,25.0,0.7,0
3.3,32.64,25.0,0.7,0
7.0,35.6,25.0,0.7,0
9.4,37.52,25.0,0.7,0
17.9,44.32,25.0,0.7,0
3.7,32.96,25.0,0.7,0
8.2,36.56,25.0,0.7,0
10.8,38.64,25.0,0.7,0
14.0,41.2,25.0,0.7,0
6.9,35.52,25.0,0.7,0
1.1,30.88,25.0,0.7,0
2.6,32.08,25.0,0.7,0
5.0,34.0,25.0,0.7,0
12.4,39.92,25.0,0.7,0
33.2,56.56,25.0,0.7,0
3.2,32.56,25.0,0.7,0
3.5,32.8,25.0,0.7,0
2.2,31.76,25.0,0.7,0
0.6,30.48,25.0,0.7,0
4.9,33.92,25.0,0.7,0
5.9,34.72,25.0,0.7,0
2.9,32.32,25.0,0.7,0
2.9,32.32,25.0,0.7,0
2.3,31.84,25.0,0.7,0
6.6,35.28,25.0,0.7,0
1.7,31.36,25.0,0.7,0
2.9,32.32,25.0,0.7,0
9.8,37.84,25.0,0.7,0
3.4,32.72,25.0,0.7,0
0.1,30.08,25.0,0.7,0
3.1,32.480000000000004,25.0,0.7,0
2.0,31.6,25.0,0.7,0
2.7,32.16,25.0,0.7,0
5.6,34.48,25.0,0.7,0
5.2,34.16,25.0,0.7,0
9.1,37.28,25.0,0.7,0
0.8,30.64,25.0,0.7,0
1.1,30.88,25.0,0.7,0
15.7,42.56,25.0,0.7,0
1.9,31.52,25.0,0.7,0
8.4,36.72,25.0,0.7,0
2.0,31.6,25.0,0.7,0
2.1,31.68,25.0,0.7,0
1.0,30.8,25.0,0.7,0
2.3,31.84,25.0,0.7,0
2.6,32.08,25.0,0.7,0
1.4,31.12,25.0,0.7,0
0.7,30.56,25.0,0.7,0
1.4,31.12,25.0,0.7,0
3.7,32.96,25.0,0.7,0
2.8,32.24,25.0,0.7,0
0.6,30.48,25.0,0.7,0
0.6,30.48,25.0,0.7,0
13.2,40.56,25.0,0.7,0
15.7,42.56,25.0,0.7,0
6.2,34.96,25.0,0.7,0
9.0,37.2,25.0,0.7,0
0.7,30.56,25.0,0.7,0
0.0,30.0,25.0,0.7,0
0.2,30.16,25.0,0.7,0
0.1,30.08,25.0,0.7,0
0.1,30.08,25.0,0.7,0
0.3,30.24,25.0,0.7,0
0.7,30.56,25.0,0.7,0
0.1,30.08,25.0,0.7,0
0.0,30.0,25.0,0.7,0
0.0,30.0,25.0,0.7,0
0.0,30.0,25.0,0.7,0
0.4,30.32,25.0,0.7,0
0.0,30.0,25.0,0.7,0
0.2,30.16,25.0,0.7,0
0.3,30.24,25.0,0.7,0
0.0,30.0,25.0,0.7,0
0.0,30.0,25.0,0.7,0
0.0,30.0,25.0,0.7,0
0.0,30.0,25.0,0.7,0
0.0,30.0,25.0,0.7,0
0.0,30.0,25.0,0.7,0
0.0,30.0,25.0,0.7,0
0.0,30.0,25.0,0.7,0
0.0,30.0,25.0,0.7,0
0.1,30.08,25.0,0.7,0
0.2,30.16,25.0,0.7,0
0.0,30.0,25.0,0.7,0
0.0,30.0,25.0,0.7,0
0.0,30.0,25.0,0.7,0
0.0,30.0,25.0,0.7,0
0.0,30.0,25.0,0.7,0
0.3,30.24,25.0,0.7,0
0.0,30.0,25.0,0.7,0
0.0,30.0,25.0,0.7,0
0.0,30.0,25.0,0.7,0
0.0,30.0,25.0,0.7,0
0.0,30.0,25.0,0.7,0
0.0,30.0,25.0,0.7,0
0.0,30.0,25.0,0.7,0
0.0,30.0,25.0,0.7,0
0.0,30.0,25.0,0.7,0
0.0,30.0,25.0,0.7,0
0.0,30.0,25.0,0.7,0
0.0,30.0,25.0,0.7,0
0.0,30.0,25.0,0.7,0
0.0,30.0,25.0,0.7,0
4.1,33.28,25.0,0.7,0
2.6,32.08,25.0,0.7,0
0.0,30.0,25.0,0.7,0
0.0,30.0,25.0,0.7,0
0.0,30.0,25.0,0.7,0
0.0,30.0,25.0,0.7,0
0.0,30.0,25.0,0.7,0
0.0,30.0,25.0,0.7,0
0.0,30.0,25.0,0.7,0
0.0,30.0,25.0,0.7,0
0.0,30.0,25.0,0.7,0
0.0,30.0,25.0,0.7,0
0.0,30.0,25.0,0.7,0
0.0,30.0,25.0,0.7,0
0.0,30.0,25.0,0.7,0
0.0,30.0,25.0,0.7,0
6.6,35.28,25.0,0.7,0
0.3,30.24,25.0,0.7,0
0.5,30.4,25.0,0.7,0
0.7,30.56,25.0,0.7,0
0.4,30.32,25.0,0.7,0
0.0,30.0,25.0,0.7,0
0.0,30.0,25.0,0.7,0
0.0,30.0,25.0,0.7,0
2.9,32.32,25.0,0.7,0
0.7,30.56,25.0,0.7,0
0.0,30.0,25.0,0.7,0
0.0,30.0,25.0,0.7,0
0.0,30.0,25.0,0.7,0
0.0,30.0,25.0,0.7,0
0.1,30.08,25.0,0.7,0
0.1,30.08,25.0,0.7,0
0.0,30.0,25.0,0.7,0
0.0,30.0,25.0,0.7,0
0.0,30.0,25.0,0.7,0
0.0,30.0,25.0,0.7,0
0.3,30.24,25.0,0.7,0
16.4,43.12,25.0,0.7,0
6.4,35.120000000000005,25.0,0.7,0
0.5,30.4,25.0,0.7,0
0.0,30.0,25.0,0.7,0
0.0,30.0,25.0,0.7,0
0.0,30.0,25.0,0.7,0
0.0,30.0,25.0,0.7,0
0.0,30.0,25.0,0.7,0
0.3,30.24,25.0,0.7,0
4.6,33.68,25.0,0.7,0
0.1,30.08,25.0,0.7,0
1.1,30.88,25.0,0.7,0
1.8,31.44,25.0,0.7,0
0.6,30.48,25.0,0.7,0
1.1,30.88,25.0,0.7,0
1.4,31.12,25.0,0.7,0
0.3,30.24,25.0,0.7,0
0.0,30.0,25.0,0.7,0
0.2,30.16,25.0,0.7,0
2.1,31.68,25.0,0.7,0
1.1,30.88,25.0,0.7,0
0.0,30.0,25.0,0.7,0
1.5,31.2,25.0,0.7,0
13.3,40.64,25.0,0.7,0
11.8,39.44,25.0,0.7,0
0.0,30.0,25.0,0.7,0
1.8,31.44,25.0,0.7,0
2.1,31.68,25.0,0.7,0
0.2,30.16,25.0,0.7,0
0.8,30.64,25.0,0.7,0
0.0,30.0,25.0,0.7,0
0.0,30.0,25.0,0.7,0
0.0,30.0,25.0,0.7,0
0.0,30.0,25.0,0.7,0
0.0,30.0,25.0,0.7,0
0.0,30.0,25.0,0.7,0
0.1,30.08,25.0,0.7,0
0.1,30.08,25.0,0.7,0
0.0,30.0,25.0,0.7,0
2.4,31.92,25.0,0.7,0
3.0,32.4,25.0,0.7,0
1.6,31.28,25.0,0.7,0
0.4,30.32,25.0,0.7,0
0.3,30.24,25.0,0.7,0
9.3,37.44,25.0,0.7,0
1.1,30.88,25.0,0.7,0
0.0,30.0,25.0,0.7,0
0.8,30.64,25.0,0.7,0
0.0,30.0,25.0,0.7,0
0.3,30.24,25.0,0.7,0
0.0,30.0,25.0,0.7,0
0.0,30.0,25.0,0.7,0
0.2,30.16,25.0,0.7,0
0.0,30.0,25.0,0.7,0
0.0,30.0,25.0,0.7,0
0.0,30.0,25.0,0.7,0
0.0,30.0,25.0,0.7,0
0.0,30.0,25.0,0.7,0
0.0,30.0,25.0,0.7,0
0.0,30.0,25.0,0.7,0
0.0,30.0,25.0,0.7,0
0.0,30.0,25.0,0.7,0
0.0,30.0,25.0,0.7,0
0.0,30.0,25.0,0.7,0
0.0,30.0,25.0,0.7,0
0.0,30.0,25.0,0.7,0
0.0,30.0,25.0,0.7,0
0.0,30.0,25.0,0.7,0
2.1,31.68,25.0,0.7,0
0.1,30.08,25.0,0.7,0
0.0,30.0,25.0,0.7,0
0.8,30.64,25.0,0.7,0
0.6,30.48,25.0,0.7,0
4.8,33.84,25.0,0.7,0
0.0,30.0,25.0,0.7,0
0.1,30.08,25.0,0.7,0
0.9,30.72,25.0,0.7,0
1.5,31.2,25.0,0.7,0
1.8,31.44,25.0,0.7,0
10.8,38.64,25.0,0.7,0
2.0,31.6,25.0,0.7,0
1.1,30.88,25.0,0.7,0
12.9,40.32,25.0,0.7,0
0.5,30.4,25.0,0.7,0
1.4,31.12,25.0,0.7,0
0.2,30.16,25.0,0.7,0
1.2,30.96,25.0,0.7,0
2.8,32.24,25.0,0.7,0
4.4,33.52,25.0,0.7,0
2.4,31.92,25.0,0.7,0
1.6,31.28,25.0,0.7,0
1.7,31.36,25.0,0.7,0
1.3,31.04,25.0,0.7,0
1.4,31.12,25.0,0.7,0
2.2,31.76,25.0,0.7,0
0.5,30.4,25.0,0.7,0
0.2,30.16,25.0,0.7,0
1.1,30.88,25.0,0.7,0
2.1,31.68,25.0,0.7,0
0.7,30.56,25.0,0.7,0
2.0,31.6,25.0,0.7,0
0.0,30.0,25.0,0.7,0
0.0,30.0,25.0,0.7,0
0.0,30.0,25.0,0.7,0
0.8,30.64,25.0,0.7,0
0.3,30.24,25.0,0.7,0
1.0,30.8,25.0,0.7,0
1.9,31.52,25.0,0.7,0
4.6,33.68,25.0,0.7,0
16.5,43.2,25.0,0.7,0
10.1,38.08,25.0,0.7,0
3.9,33.12,25.0,0.7,0
3.3,32.64,25.0,0.7,0
2.7,32.16,25.0,0.7,0
1.3,31.04,25.0,0.7,0
6.6,35.28,25.0,0.7,0
0.8,30.64,25.0,0.7,0
0.3,30.24,25.0,0.7,0
3.5,32.8,25.0,0.7,0
2.5,32.0,25.0,0.7,0
2.8,32.24,25.0,0.7,0
37.0,59.6,25.0,0.7,0
41.4,63.12,25.0,0.7,0
3.7,32.96,25.0,0.7,0
1.3,31.04,25.0,0.7,0
6.8,35.44,25.0,0.7,0
2.6,32.08,25.0,0.7,0
4.1,33.28,25.0,0.7,0
3.3,32.64,25.0,0.7,0
8.1,36.480000000000004,25.0,0.7,0
7.5,36.0,25.0,0.7,0
3.5,32.8,25.0,0.7,0
4.6,33.68,25.0,0.7,0
3.5,32.8,25.0,0.7,0
1.2,30.96,25.0,0.7,0
1.9,31.52,25.0,0.7,0
1.7,31.36,25.0,0.7,0
1.6,31.28,25.0,0.7,0
2.5,32.0,25.0,0.7,0
7.1,35.68,25.0,0.7,0
2.2,31.76,25.0,0.7,0
8.5,36.8,25.0,0.7,0
15.5,42.4,25.0,0.7,0
1.5,31.2,25.0,0.7,0
2.7,32.16,25.0,0.7,0
9.2,37.36,25.0,0.7,0
22.9,48.32,25.0,0.7,0
1.7,31.36,25.0,0.7,0
7.0,35.6,25.0,0.7,0
34.2,57.36,25.0,0.7,0
0.1,30.08,25.0,0.7,0
4.1,33.28,25.0,0.7,0
4.5,33.6,25.0,0.7,0
11.4,39.120000000000005,25.0,0.7,0
52.2,71.76,25.0,0.7,0
35.8,58.64,25.0,0.7,0
95.3,95.0,25.0,0.7,1
14.5,41.6,25.0,0.7,0
3.2,32.56,25.0,0.7,0
5.1,34.08,25.0,0.7,0
1.6,31.28,25.0,0.7,0
5.3,34.24,25.0,0.7,0
7.4,35.92,25.0,0.7,0
3.9,33.12,25.0,0.7,0
2.2,31.76,25.0,0.7,0
0.9,30.72,25.0,0.7,0
2.2,31.76,25.0,0.7,0
5.2,34.16,25.0,0.7,0
1.7,31.36,25.0,0.7,0
5.3,34.24,25.0,0.7,0
3.0,32.4,25.0,0.7,0
3.8,33.04,25.0,0.7,0
6.2,34.96,25.0,0.7,0
3.9,33.12,25.0,0.7,0
4.8,33.84,25.0,0.7,0
0.8,30.64,25.0,0.7,0
1.1,30.88,25.0,0.7,0
4.6,33.68,25.0,0.7,0
2.5,32.0,25.0,0.7,0
7.3,35.84,25.0,0.7,0
5.0,34.0,25.0,0.7,0
3.7,32.96,25.0,0.7,0
5.8,34.64,25.0,0.7,0
4.2,33.36,25.0,0.7,0
1.4,31.12,25.0,0.7,0
2.3,31.84,25.0,0.7,0
11.9,39.52,25.0,0.7,0
2.1,31.68,25.0,0.7,0
3.1,32.480000000000004,25.0,0.7,0
3.1,32.480000000000004,25.0,0.7,0
2.2,31.76,25.0,0.7,0
13.6,40.88,25.0,0.7,0
12.1,39.68,25.0,0.7,0
32.0,55.6,25.0,0.7,0
10.6,38.480000000000004,25.0,0.7,0
14.3,41.44,25.0,0.7,0
4.0,33.2,25.0,0.7,0
6.5,35.2,25.0,0.7,0
1.4,31.12,25.0,0.7,0
6.4,35.120000000000005,25.0,0.7,0
2.8,32.24,25.0,0.7,0
2.3,31.84,25.0,0.7,0
9.8,37.84,25.0,0.7,0
5.1,34.08,25.0,0.7,0
1.6,31.28,25.0,0.7,0
6.1,34.88,25.0,0.7,0
3.4,32.72,25.0,0.7,0
1.3,31.04,25.0,0.7,0
1.2,30.96,25.0,0.7,0
0.9,30.72,25.0,0.7,0
1.3,31.04,25.0,0.7,0
0.4,30.32,25.0,0.7,0
1.1,30.88,25.0,0.7,0
2.7,32.16,25.0,0.7,0
7.5,36.0,25.0,0.7,0
5.3,34.24,25.0,0.7,0
1.8,31.44,25.0,0.7,0
2.1,31.68,25.0,0.7,0
1.9,31.52,25.0,0.7,0
1.9,31.52,25.0,0.7,0
1.6,31.28,25.0,0.7,0
3.6,32.88,25.0,0.7,0
3.5,32.8,25.0,0.7,0
4.8,33.84,25.0,0.7,0
0.0,30.0,25.0,0.7,0
0.5,30.4,25.0,0.7,0
1.9,31.52,25.0,0.7,0
1.3,31.04,25.0,0.7,0
3.3,32.64,25.0,0.7,0
1.9,31.52,25.0,0.7,0
4.4,33.52,25.0,0.7,0
1.9,31.52,25.0,0.7,0
2.5,32.0,25.0,0.7,0
2.2,31.76,25.0,0.7,0
3.2,32.56,25.0,0.7,0
15.4,42.32,25.0,0.7,0
2.6,32.08,25.0,0.7,0
2.1,31.68,25.0,0.7,0
3.3,32.64,25.0,0.7,0
4.4,33.52,25.0,0.7,0
2.0,31.6,25.0,0.7,0
2.8,32.24,25.0,0.7,0
4.2,33.36,25.0,0.7,0
2.4,31.92,25.0,0.7,0
1.2,30.96,25.0,0.7,0
1.8,31.44,25.0,0.7,0
4.0,33.2,25.0,0.7,0
2.1,31.68,25.0,0.7,0
2.5,32.0,25.0,0.7,0
3.3,32.64,25.0,0.7,0
3.2,32.56,25.0,0.7,0
2.8,32.24,25.0,0.7,0
1.7,31.36,25.0,0.7,0
2.4,31.92,25.0,0.7,0
1.3,31.04,25.0,0.7,0
2.2,31.76,25.0,0.7,0
5.8,34.64,25.0,0.7,0
14.0,41.2,25.0,0.7,0
9.7,37.76,25.0,0.7,0
8.5,36.8,25.0,0.7,0
6.6,35.28,25.0,0.7,0
4.1,33.28,25.0,0.7,0
1.9,31.52,25.0,0.7,0
3.8,33.04,25.0,0.7,0
10.1,38.08,25.0,0.7,0
3.0,32.4,25.0,0.7,0
0.4,30.32,25.0,0.7,0
0.6,30.48,25.0,0.7,0
1.4,31.12,25.0,0.7,0
0.8,30.64,25.0,0.7,0
1.0,30.8,25.0,0.7,0
2.2,31.76,25.0,0.7,0
2.1,31.68,25.0,0.7,0
1.9,31.52,25.0,0.7,0
1.2,30.96,25.0,0.7,0
0.7,30.56,25.0,0.7,0
0.0,30.0,25.0,0.7,0
0.0,30.0,25.0,0.7,0
4.6,33.68,25.0,0.7,0
3.7,32.96,25.0,0.7,0
0.2,30.16,25.0,0.7,0
0.2,30.16,25.0,0.7,0
0.0,30.0,25.0,0.7,0
0.0,30.0,25.0,0.7,0
2.2,31.76,25.0,0.7,0
61.2,78.96000000000001,25.0,0.7,1
44.4,65.52000000000001,25.0,0.7,0
8.3,36.64,25.0,0.7,0
0.1,30.08,25.0,0.7,0
0.0,30.0,25.0,0.7,0
0.0,30.0,25.0,0.7,0
0.2,30.16,25.0,0.7,0
0.1,30.08,25.0,0.7,0
0.0,30.0,25.0,0.7,0
0.7,30.56,25.0,0.7,0
0.0,30.0,25.0,0.7,0
0.0,30.0,25.0,0.7,0
0.5,30.4,25.0,0.7,0
0.0,30.0,25.0,0.7,0
0.0,30.0,25.0,0.7,0
0.0,30.0,25.0,0.7,0
0.4,30.32,25.0,0.7,0
0.0,30.0,25.0,0.7,0
0.1,30.08,25.0,0.7,0
0.6,30.48,25.0,0.7,0
0.1,30.08,25.0,0.7,0
0.0,30.0,25.0,0.7,0
0.0,30.0,25.0,0.7,0
0.0,30.0,25.0,0.7,0
0.0,30.0,25.0,0.7,0
0.0,30.0,25.0,0.7,0
0.0,30.0,25.0,0.7,0
0.0,30.0,25.0,0.7,0
0.0,30.0,25.0,0.7,0
0.0,30.0,25.0,0.7,0
0.0,30.0,25.0,0.7,0
0.0,30.0,25.0,0.7,0
0.0,30.0,25.0,0.7,0
0.0,30.0,25.0,0.7,0
0.0,30.0,25.0,0.7,0
0.0,30.0,25.0,0.7,0
0.0,30.0,25.0,0.7,0
0.0,30.0,25.0,0.7,0
0.0,30.0,25.0,0.7,0
0.0,30.0,25.0,0.7,0
0.0,30.0,25.0,0.7,0
0.0,30.0,25.0,0.7,0
0.0,30.0,25.0,0.7,0
0.0,30.0,25.0,0.7,0
0.0,30.0,25.0,0.7,0
0.0,30.0,25.0,0.7,0
0.0,30.0,25.0,0.7,0
0.0,30.0,25.0,0.7,0
0.0,30.0,25.0,0.7,0
0.0,30.0,25.0,0.7,0
0.3,30.24,25.0,0.7,0
0.4,30.32,25.0,0.7,0
0.2,30.16,25.0,0.7,0
0.0,30.0,25.0,0.7,0
0.0,30.0,25.0,0.7,0
0.0,30.0,25.0,0.7,0
0.0,30.0,25.0,0.7,0
1.0,30.8,25.0,0.7,0
0.0,30.0,25.0,0.7,0
1.0,30.8,25.0,0.7,0
0.1,30.08,25.0,0.7,0
0.0,30.0,25.0,0.7,0
0.4,30.32,25.0,0.7,0
2.5,32.0,25.0,0.7,0
3.1,32.480000000000004,25.0,0.7,0
0.1,30.08,25.0,0.7,0
0.0,30.0,25.0,0.7,0
0.2,30.16,25.0,0.7,0
1.6,31.28,25.0,0.7,0
1.3,31.04,25.0,0.7,0
0.0,30.0,25.0,0.7,0
0.0,30.0,25.0,0.7,0
0.0,30.0,25.0,0.7,0
0.0,30.0,25.0,0.7,0
0.0,30.0,25.0,0.7,0
0.0,30.0,25.0,0.7,0
0.4,30.32,25.0,0.7,0
0.3,30.24,25.0,0.7,0
0.0,30.0,25.0,0.7,0
0.0,30.0,25.0,0.7,0
0.0,30.0,25.0,0.7,0
0.0,30.0,25.0,0.7,0
0.0,30.0,25.0,0.7,0
0.0,30.0,25.0,0.7,0
0.0,30.0,25.0,0.7,0
0.0,30.0,25.0,0.7,0
0.0,30.0,25.0,0.7,0
0.0,30.0,25.0,0.7,0
0.0,30.0,25.0,0.7,0
0.0,30.0,25.0,0.7,0
0.0,30.0,25.0,0.7,0
0.0,30.0,25.0,0.7,0
0.0,30.0,25.0,0.7,0
0.0,30.0,25.0,0.7,0
0.0,30.0,25.0,0.7,0
0.0,30.0,25.0,0.7,0
0.0,30.0,25.0,0.7,0
0.0,30.0,25.0,0.7,0
0.0,30.0,25.0,0.7,0
0.0,30.0,25.0,0.7,0
1.0,30.8,25.0,0.7,0
0.0,30.0,25.0,0.7,0
0.0,30.0,25.0,0.7,0
0.0,30.0,25.0,0.7,0
0.0,30.0,25.0,0.7,0
0.2,30.16,25.0,0.7,0
0.0,30.0,25.0,0.7,0
0.5,30.4,25.0,0.7,0
0.0,30.0,25.0,0.7,0
0.5,30.4,25.0,0.7,0
0.0,30.0,25.0,0.7,0
0.0,30.0,25.0,0.7,0
0.0,30.0,25.0,0.7,0
0.0,30.0,25.0,0.7,0
0.0,30.0,25.0,0.7,0
0.0,30.0,25.0,0.7,0
0.0,30.0,25.0,0.7,0
0.0,30.0,25.0,0.7,0
0.0,30.0,25.0,0.7,0
1.0,30.8,25.0,0.7,0
2.2,31.76,25.0,0.7,0
0.1,30.08,25.0,0.7,0
0.1,30.08,25.0,0.7,0
0.0,30.0,25.0,0.7,0
0.0,30.0,25.0,0.7,0
0.0,30.0,25.0,0.7,0
1.2,30.96,25.0,0.7,0
0.0,30.0,25.0,0.7,0
0.0,30.0,25.0,0.7,0
1.0,30.8,25.0,0.7,0
0.1,30.08,25.0,0.7,0
0.0,30.0,25.0,0.7,0
0.0,30.0,25.0,0.7,0
0.0,30.0,25.0,0.7,0
0.0,30.0,25.0,0.7,0
0.0,30.0,25.0,0.7,0
0.0,30.0,25.0,0.7,0
0.0,30.0,25.0,0.7,0
0.0,30.0,25.0,0.7,0
1.6,31.28,25.0,0.7,0
2.8,32.24,25.0,0.7,0
1.8,31.44,25.0,0.7,0
5.3,34.24,25.0,0.7,0
0.8,30.64,25.0,0.7,0
2.9,32.32,25.0,0.7,0
0.9,30.72,25.0,0.7,0
9.1,37.28,25.0,0.7,0
12.8,40.24,25.0,0.7,0
1.5,31.2,25.0,0.7,0
0.8,30.64,25.0,0.7,0
0.2,30.16,25.0,0.7,0
0.3,30.24,25.0,0.7,0
0.5,30.4,25.0,0.7,0
0.1,30.08,25.0,0.7,0
2.5,32.0,25.0,0.7,0
0.6,30.48,25.0,0.7,0
1.1,30.88,25.0,0.7,0
0.0,30.0,25.0,0.7,0
1.7,31.36,25.0,0.7,0
1.4,31.12,25.0,0.7,0
2.1,31.68,25.0,0.7,0
0.5,30.4,25.0,0.7,0
1.2,30.96,25.0,0.7,0
0.3,30.24,25.0,0.7,0
0.0,30.0,25.0,0.7,0
0.0,30.0,25.0,0.7,0
0.0,30.0,25.0,0.7,0
0.0,30.0,25.0,0.7,0
0.0,30.0,25.0,0.7,0
0.0,30.0,25.0,0.7,0
0.0,30.0,25.0,0.7,0
0.0,30.0,25.0,0.7,0
0.0,30.0,25.0,0.7,0
0.0,30.0,25.0,0.7,0
0.0,30.0,25.0,0.7,0
0.1,30.08,25.0,0.7,0
0.0,30.0,25.0,0.7,0
1.8,31.44,25.0,0.7,0
0.1,30.08,25.0,0.7,0
3.5,32.8,25.0,0.7,0
4.9,33.92,25.0,0.7,0
7.3,35.84,25.0,0.7,0
3.9,33.12,25.0,0.7,0
4.5,33.6,25.0,0.7,0
0.0,30.0,25.0,0.7,0
1.9,31.52,25.0,0.7,0
0.8,30.64,25.0,0.7,0
2.7,32.16,25.0,0.7,0
7.1,35.68,25.0,0.7,0
2.8,32.24,25.0,0.7,0
2.4,31.92,25.0,0.7,0
10.3,38.24,25.0,0.7,0
3.0,32.4,25.0,0.7,0
3.9,33.12,25.0,0.7,0
0.3,30.24,25.0,0.7,0
2.0,31.6,25.0,0.7,0
0.2,30.16,25.0,0.7,0
0.1,30.08,25.0,0.7,0
0.6,30.48,25.0,0.7,0
0.0,30.0,25.0,0.7,0
2.7,32.16,25.0,0.7,0
0.0,30.0,25.0,0.7,0
0.3,30.24,25.0,0.7,0
1.6,31.28,25.0,0.7,0
2.6,32.08,25.0,0.7,0
6.8,35.44,25.0,0.7,0
2.5,32.0,25.0,0.7,0
2.9,32.32,25.0,0.7,0
0.8,30.64,25.0,0.7,0
3.0,32.4,25.0,0.7,0
1.4,31.12,25.0,0.7,0
2.8,32.24,25.0,0.7,0
3.5,32.8,25.0,0.7,0
0.9,30.72,25.0,0.7,0
2.7,32.16,25.0,0.7,0
2.2,31.76,25.0,0.7,0
1.0,30.8,25.0,0.7,0
0.0,30.0,25.0,0.7,0
0.0,30.0,25.0,0.7,0
0.7,30.56,25.0,0.7,0
1.5,31.2,25.0,0.7,0
0.0,30.0,25.0,0.7,0
0.1,30.08,25.0,0.7,0
0.2,30.16,25.0,0.7,0
0.1,30.08,25.0,0.7,0
2.4,31.92,25.0,0.7,0
2.9,32.32,25.0,0.7,0
5.4,34.32,25.0,0.7,0
12.1,39.68,25.0,0.7,0
22.0,47.6,25.0,0.7,0
22.7,48.16,25.0,0.7,0
2.0,31.6,25.0,0.7,0
4.6,33.68,25.0,0.7,0
10.1,38.08,25.0,0.7,0
11.0,38.8,25.0,0.7,0
23.0,48.400000000000006,25.0,0.7,0
25.8,50.64,25.0,0.7,0
2.8,32.24,25.0,0.7,0
14.1,41.28,25.0,0.7,0
1.7,31.36,25.0,0.7,0
0.6,30.48,25.0,0.7,0
12.7,40.16,25.0,0.7,0
1.8,31.44,25.0,0.7,0
2.0,31.6,25.0,0.7,0
1.1,30.88,25.0,0.7,0
1.2,30.96,25.0,0.7,0
4.1,33.28,25.0,0.7,0
3.4,32.72,25.0,0.7,0
30.0,54.0,25.0,0.7,0
3.5,32.8,25.0,0.7,0
17.8,44.24,25.0,0.7,0
4.6,33.68,25.0,0.7,0
10.3,38.24,25.0,0.7,0
1.9,31.52,25.0,0.7,0
16.2,42.96,25.0,0.7,0
22.3,47.84,25.0,0.7,0
2.5,32.0,25.0,0.7,0
1.8,31.44,25.0,0.7,0
2.3,31.84,25.0,0.7,0
1.5,31.2,25.0,0.7,0
21.4,47.120000000000005,25.0,0.7,0
3.7,32.96,25.0,0.7,0
16.3,43.04,25.0,0.7,0
1.4,31.12,25.0,0.7,0
1.2,30.96,25.0,0.7,0
0.3,30.24,25.0,0.7,0
17.7,44.16,25.0,0.7,0
1.8,31.44,25.0,0.7,0
1.5,31.2,25.0,0.7,0
9.1,37.28,25.0,0.7,0
10.7,38.56,25.0,0.7,0
14.9,41.92,25.0,0.7,0
9.4,37.52,25.0,0.7,0
4.3,33.44,25.0,0.7,0
12.5,40.0,25.0,0.7,0
3.8,33.04,25.0,0.7,0
3.4,32.72,25.0,0.7,0
13.7,40.96,25.0,0.7,0
2.5,32.0,25.0,0.7,0
7.4,35.92,25.0,0.7,0
4.3,33.44,25.0,0.7,0
3.5,32.8,25.0,0.7,0
1.4,31.12,25.0,0.7,0
1.9,31.52,25.0,0.7,0
4.2,33.36,25.0,0.7,0
4.1,33.28,25.0,0.7,0
9.7,37.76,25.0,0.7,0
18.1,44.480000000000004,25.0,0.7,0
18.1,44.480000000000004,25.0,0.7,0
13.6,40.88,25.0,0.7,0
8.6,36.88,25.0,0.7,0
1.7,31.36,25.0,0.7,0
35.7,58.56,25.0,0.7,0
26.0,50.8,25.0,0.7,0
7.4,35.92,25.0,0.7,0
3.6,32.88,25.0,0.7,0
11.9,39.52,25.0,0.7,0
4.1,33.28,25.0,0.7,0
2.0,31.6,25.0,0.7,0
2.2,31.76,25.0,0.7,0
0.4,30.32,25.0,0.7,0
1.2,30.96,25.0,0.7,0
6.0,34.8,25.0,0.7,0
3.6,32.88,25.0,0.7,0
2.5,32.0,25.0,0.7,0
2.6,32.08,25.0,0.7,0
15.8,42.64,25.0,0.7,0
5.9,34.72,25.0,0.7,0
0.7,30.56,25.0,0.7,0
1.1,30.88,25.0,0.7,0
3.0,32.4,25.0,0.7,0
8.5,36.8,25.0,0.7,0
1.8,31.44,25.0,0.7,0
4.0,33.2,25.0,0.7,0
1.8,31.44,25.0,0.7,0
0.5,30.4,25.0,0.7,0
0.9,30.72,25.0,0.7,0
3.7,32.96,25.0,0.7,0
6.4,35.120000000000005,25.0,0.7,0
2.9,32.32,25.0,0.7,0
18.7,44.96,25.0,0.7,0
5.0,34.0,25.0,0.7,0
12.5,40.0,25.0,0.7,0
15.4,42.32,25.0,0.7,0
1.5,31.2,25.0,0.7,0
3.4,32.72,25.0,0.7,0
0.7,30.56,25.0,0.7,0
1.9,31.52,25.0,0.7,0
1.7,31.36,25.0,0.7,0
4.5,33.6,25.0,0.7,0
9.3,37.44,25.0,0.7,0
18.9,45.12,25.0,0.7,0
14.2,41.36,25.0,0.7,0
3.5,32.8,25.0,0.7,0
1.1,30.88,25.0,0.7,0
1.6,31.28,25.0,0.7,0
1.3,31.04,25.0,0.7,0
7.3,35.84,25.0,0.7,0
7.3,35.84,25.0,0.7,0
1.9,31.52,25.0,0.7,0
6.4,35.120000000000005,25.0,0.7,0
14.7,41.76,25.0,0.7,0
14.3,41.44,25.0,0.7,0
7.3,35.84,25.0,0.7,0
7.1,35.68,25.0,0.7,0
8.7,36.96,25.0,0.7,0
24.9,49.92,25.0,0.7,0
56.8,75.44,25.0,0.7,1
29.8,53.84,25.0,0.7,0
2.1,31.68,25.0,0.7,0
2.3,31.84,25.0,0.7,0
0.7,30.56,25.0,0.7,0
1.3,31.04,25.0,0.7,0
1.0,30.8,25.0,0.7,0
1.1,30.88,25.0,0.7,0
2.9,32.32,25.0,0.7,0
1.0,30.8,25.0,0.7,0
0.3,30.24,25.0,0.7,0
0.0,30.0,25.0,0.7,0
1.7,31.36,25.0,0.7,0
1.8,31.44,25.0,0.7,0
1.0,30.8,25.0,0.7,0
0.0,30.0,25.0,0.7,0
0.7,30.56,25.0,0.7,0
4.0,33.2,25.0,0.7,0
3.9,33.12,25.0,0.7,0
1.3,31.04,25.0,0.7,0
4.0,33.2,25.0,0.7,0
1.0,30.8,25.0,0.7,0
0.3,30.24,25.0,0.7,0
0.0,30.0,25.0,0.7,0
0.0,30.0,25.0,0.7,0
0.0,30.0,25.0,0.7,0
0.2,30.16,25.0,0.7,0
0.4,30.32,25.0,0.7,0
0.0,30.0,25.0,0.7,0
0.0,30.0,25.0,0.7,0
1.8,31.44,25.0,0.7,0
0.1,30.08,25.0,0.7,0
0.1,30.08,25.0,0.7,0
0.2,30.16,25.0,0.7,0
0.9,30.72,25.0,0.7,0
0.0,30.0,25.0,0.7,0
0.0,30.0,25.0,0.7,0
0.0,30.0,25.0,0.7,0
0.0,30.0,25.0,0.7,0
0.0,30.0,25.0,0.7,0
0.1,30.08,25.0,0.7,0
2.6,32.08,25.0,0.7,0
26.3,51.040000000000006,25.0,0.7,0
1.0,30.8,25.0,0.7,0
0.0,30.0,25.0,0.7,0
0.3,30.24,25.0,0.7,0
1.9,31.52,25.0,0.7,0
0.6,30.48,25.0,0.7,0
0.0,30.0,25.0,0.7,0
0.0,30.0,25.0,0.7,0
0.0,30.0,25.0,0.7,0
0.0,30.0,25.0,0.7,0
0.0,30.0,25.0,0.7,0
0.0,30.0,25.0,0.7,0
0.0,30.0,25.0,0.7,0
0.0,30.0,25.0,0.7,0
0.0,30.0,25.0,0.7,0
0.3,30.24,25.0,0.7,0
0.0,30.0,25.0,0.7,0
0.0,30.0,25.0,0.7,0
0.2,30.16,25.0,0.7,0
1.2,30.96,25.0,0.7,0
22.5,48.0,25.0,0.7,0
5.8,34.64,25.0,0.7,0
0.9,30.72,25.0,0.7,0
2.1,31.68,25.0,0.7,0
0.0,30.0,25.0,0.7,0
0.0,30.0,25.0,0.7,0
0.0,30.0,25.0,0.7,0
0.9,30.72,25.0,0.7,0
0.0,30.0,25.0,0.7,0
0.0,30.0,25.0,0.7,0
0.0,30.0,25.0,0.7,0
0.0,30.0,25.0,0.7,0
0.0,30.0,25.0,0.7,0
0.0,30.0,25.0,0.7,0
0.0,30.0,25.0,0.7,0
0.0,30.0,25.0,0.7,0
0.0,30.0,25.0,0.7,0
1.3,31.04,25.0,0.7,0
0.3,30.24,25.0,0.7,0
0.0,30.0,25.0,0.7,0
0.0,30.0,25.0,0.7,0
0.0,30.0,25.0,0.7,0
0.0,30.0,25.0,0.7,0
0.4,30.32,25.0,0.7,0
0.4,30.32,25.0,0.7,0
0.0,30.0,45.0,0.5,0
0.0,30.0,45.0,0.5,0
0.0,30.0,45.0,0.5,0
0.0,30.0,45.0,0.5,0
0.0,30.0,45.0,0.5,0
0.0,30.0,45.0,0.5,0
0.0,30.0,45.0,0.5,0
0.1,30.08,45.0,0.5,0
1.6,31.28,45.0,0.5,0
0.7,30.56,45.0,0.5,0
9.4,37.52,45.0,0.5,0
22.1,47.68000000000001,45.0,0.5,0
6.9,35.52,45.0,0.5,0
0.0,30.0,45.0,0.5,0
0.0,30.0,45.0,0.5,0
0.6,30.48,45.0,0.5,0
0.0,30.0,45.0,0.5,0
6.8,35.44,45.0,0.5,0
20.0,46.0,45.0,0.5,0
17.8,44.24,45.0,0.5,0
5.1,34.08,45.0,0.5,0
0.0,30.0,45.0,0.5,0
2.4,31.92,45.0,0.5,0
0.2,30.16,45.0,0.5,0
0.1,30.08,45.0,0.5,0
0.1,30.08,45.0,0.5,0
0.0,30.0,45.0,0.5,0
0.0,30.0,45.0,0.5,0
0.0,30.0,45.0,0.5,0
0.1,30.08,45.0,0.5,0
1.8,31.44,45.0,0.5,0
5.8,34.64,45.0,0.5,0
0.0,30.0,45.0,0.5,0
0.0,30.0,45.0,0.5,0
0.0,30.0,45.0,0.5,0
0.5,30.4,45.0,0.5,0
0.9,30.72,45.0,0.5,0
1.9,31.52,45.0,0.5,0
0.0,30.0,45.0,0.5,0
0.0,30.0,45.0,0.5,0
0.0,30.0,45.0,0.5,0
0.0,30.0,45.0,0.5,0
2.1,31.68,45.0,0.5,0
0.7,30.56,45.0,0.5,0
2.0,31.6,45.0,0.5,0
4.9,33.92,45.0,0.5,0
4.1,33.28,45.0,0.5,0
0.2,30.16,45.0,0.5,0
1.3,31.04,45.0,0.5,0
0.0,30.0,45.0,0.5,0
0.0,30.0,45.0,0.5,0
0.0,30.0,45.0,0.5,0
0.0,30.0,45.0,0.5,0
0.0,30.0,45.0,0.5,0
1.4,31.12,45.0,0.5,0
0.1,30.08,45.0,0.5,0
1.5,31.2,45.0,0.5,0
10.2,38.16,45.0,0.5,0
14.1,41.28,45.0,0.5,0
16.0,42.8,45.0,0.5,0
6.7,35.36,45.0,0.5,0
5.0,34.0,45.0,0.5,0
9.1,37.28,45.0,0.5,0
10.6,38.480000000000004,45.0,0.5,0
9.4,37.52,45.0,0.5,0
10.8,38.64,45.0,0.5,0
4.9,33.92,45.0,0.5,0
7.2,35.76,45.0,0.5,0
4.0,33.2,45.0,0.5,0
2.8,32.24,45.0,0.5,0
0.4,30.32,45.0,0.5,0
5.3,34.24,45.0,0.5,0
7.5,36.0,45.0,0.5,0
3.3,32.64,45.0,0.5,0
6.9,35.52,45.0,0.5,0
2.3,31.84,45.0,0.5,0
2.0,31.6,45.0,0.5,0
3.3,32.64,45.0,0.5,0
6.3,35.04,45.0,0.5,0
1.5,31.2,45.0,0.5,0
0.5,30.4,45.0,0.5,0
2.7,32.16,45.0,0.5,0
3.7,32.96,45.0,0.5,0
4.2,33.36,45.0,0.5,0
2.6,32.08,45.0,0.5,0
0.0,30.0,45.0,0.5,0
0.2,30.16,45.0,0.5,0
1.1,30.88,45.0,0.5,0
4.6,33.68,45.0,0.5,0
8.4,36.72,45.0,0.5,0
11.6,39.28,45.0,0.5,0
1.0,30.8,45.0,0.5,0
7.5,36.0,45.0,0.5,0
1.4,31.12,45.0,0.5,0
0.7,30.56,45.0,0.5,0
0.0,30.0,45.0,0.5,0
0.2,30.16,45.0,0.5,0
2.3,31.84,45.0,0.5,0
4.1,33.28,45.0,0.5,0
2.1,31.68,45.0,0.5,0
6.2,34.96,45.0,0.5,0
8.0,36.4,45.0,0.5,0
6.2,34.96,45.0,0.5,0
0.3,30.24,45.0,0.5,0
7.9,36.32,45.0,0.5,0
5.5,34.4,45.0,0.5,0
3.0,32.4,45.0,0.5,0
2.7,32.16,45.0,0.5,0
7.8,36.24,45.0,0.5,0
4.5,33.6,45.0,0.5,0
1.6,31.28,45.0,0.5,0
3.9,33.12,45.0,0.5,0
0.5,30.4,45.0,0.5,0
1.1,30.88,45.0,0.5,0
2.3,31.84,45.0,0.5,0
2.5,32.0,45.0,0.5,0
3.6,32.88,45.0,0.5,0
2.5,32.0,45.0,0.5,0
0.0,30.0,45.0,0.5,0
4.1,33.28,45.0,0.5,0
0.7,30.56,45.0,0.5,0
0.7,30.56,45.0,0.5,0
1.5,31.2,45.0,0.5,0
2.0,31.6,45.0,0.5,0
6.6,35.28,45.0,0.5,0
2.2,31.76,45.0,0.5,0
8.3,36.64,45.0,0.5,0
2.3,31.84,45.0,0.5,0
6.1,34.88,45.0,0.5,0
10.3,38.24,45.0,0.5,0
8.2,36.56,45.0,0.5,0
7.5,36.0,45.0,0.5,0
16.8,43.44,45.0,0.5,0
7.8,36.24,45.0,0.5,0
4.8,33.84,45.0,0.5,0
5.9,34.72,45.0,0.5,0
8.6,36.88,45.0,0.5,0
25.9,50.72,45.0,0.5,0
18.6,44.88,45.0,0.5,0
40.7,62.56,45.0,0.5,1
23.2,48.56,45.0,0.5,0
7.0,35.6,45.0,0.5,0
0.4,30.32,45.0,0.5,0
0.6,30.48,45.0,0.5,0
3.1,32.480000000000004,45.0,0.5,0
15.9,42.72,45.0,0.5,0
18.6,44.88,45.0,0.5,0
4.9,33.92,45.0,0.5,0
3.7,32.96,45.0,0.5,0
2.2,31.76,45.0,0.5,0
8.7,36.96,45.0,0.5,0
1.9,31.52,45.0,0.5,0
5.5,34.4,45.0,0.5,0
6.0,34.8,45.0,0.5,0
8.7,36.96,45.0,0.5,0
20.7,46.56,45.0,0.5,0
16.9,43.519999999999996,45.0,0.5,0
12.3,39.84,45.0,0.5,0
21.8,47.44,45.0,0.5,0
9.2,37.36,45.0,0.5,0
4.7,33.76,45.0,0.5,0
10.1,38.08,45.0,0.5,0
11.2,38.96,45.0,0.5,0
12.6,40.08,45.0,0.5,0
3.6,32.88,45.0,0.5,0
6.3,35.04,45.0,0.5,0
6.6,35.28,45.0,0.5,0
8.3,36.64,45.0,0.5,0
5.7,34.56,45.0,0.5,0
6.4,35.120000000000005,45.0,0.5,0
4.9,33.92,45.0,0.5,0
1.3,31.04,45.0,0.5,0
1.8,31.44,45.0,0.5,0
5.2,34.16,45.0,0.5,0
8.3,36.64,45.0,0.5,0
9.7,37.76,45.0,0.5,0
7.0,35.6,45.0,0.5,0
16.0,42.8,45.0,0.5,0
24.1,49.28,45.0,0.5,0
48.3,68.64,45.0,0.5,1
23.3,48.64,45.0,0.5,0
10.8,38.64,45.0,0.5,0
9.1,37.28,45.0,0.5,0
25.4,50.32,45.0,0.5,0
20.0,46.0,45.0,0.5,0
7.5,36.0,45.0,0.5,0
17.5,44.0,45.0,0.5,0
47.2,67.76,45.0,0.5,1
23.4,48.72,45.0,0.5,0
18.2,44.56,45.0,0.5,0
6.4,35.120000000000005,45.0,0.5,0
7.9,36.32,45.0,0.5,0
4.0,33.2,45.0,0.5,0
3.7,32.96,45.0,0.5,0
9.9,37.92,45.0,0.5,0
9.6,37.68,45.0,0.5,0
3.8,33.04,45.0,0.5,0
11.8,39.44,45.0,0.5,0
10.6,38.480000000000004,45.0,0.5,0
32.5,56.0,45.0,0.5,0
12.1,39.68,45.0,0.5,0
2.3,31.84,45.0,0.5,0
2.0,31.6,45.0,0.5,0
2.2,31.76,45.0,0.5,0
1.0,30.8,45.0,0.5,0
1.9,31.52,45.0,0.5,0
16.1,42.88,45.0,0.5,0
20.4,46.32,45.0,0.5,0
2.3,31.84,45.0,0.5,0
3.0,32.4,45.0,0.5,0
14.2,41.36,45.0,0.5,0
4.4,33.52,45.0,0.5,0
15.1,42.08,45.0,0.5,0
2.4,31.92,45.0,0.5,0
4.8,33.84,45.0,0.5,0
1.8,31.44,45.0,0.5,0
1.4,31.12,45.0,0.5,0
2.5,32.0,45.0,0.5,0
2.7,32.16,45.0,0.5,0
7.5,36.0,45.0,0.5,0
7.1,35.68,45.0,0.5,0
7.2,35.76,45.0,0.5,0
5.1,34.08,45.0,0.5,0
10.7,38.56,45.0,0.5,0
33.6,56.88,45.0,0.5,0
37.4,59.92,45.0,0.5,1
19.2,45.36,45.0,0.5,0
3.3,32.64,45.0,0.5,0
10.1,38.08,45.0,0.5,0
12.5,40.0,45.0,0.5,0
28.7,52.96,45.0,0.5,0
8.4,36.72,45.0,0.5,0
9.8,37.84,45.0,0.5,0
9.8,37.84,45.0,0.5,0
9.2,37.36,45.0,0.5,0
16.8,43.44,45.0,0.5,0
52.5,72.0,45.0,0.5,1
61.4,79.12,45.0,0.5,1
5.9,34.72,45.0,0.5,0
26.2,50.96,45.0,0.5,0
8.7,36.96,45.0,0.5,0
2.4,31.92,45.0,0.5,0
1.1,30.88,45.0,0.5,0
2.3,31.84,45.0,0.5,0
20.6,46.480000000000004,45.0,0.5,0
1.1,30.88,45.0,0.5,0
3.2,32.56,45.0,0.5,0
2.7,32.16,45.0,0.5,0
6.1,34.88,45.0,0.5,0
13.5,40.8,45.0,0.5,0
1.7,31.36,45.0,0.5,0
5.9,34.72,45.0,0.5,0
6.4,35.120000000000005,45.0,0.5,0
1.5,31.2,45.0,0.5,0
1.7,31.36,45.0,0.5,0
3.8,33.04,45.0,0.5,0
1.0,30.8,45.0,0.5,0
3.2,32.56,45.0,0.5,0
6.9,35.52,45.0,0.5,0
7.2,35.76,45.0,0.5,0
2.6,32.08,45.0,0.5,0
0.5,30.4,45.0,0.5,0
0.0,30.0,45.0,0.5,0
0.9,30.72,45.0,0.5,0
0.6,30.48,45.0,0.5,0
1.8,31.44,45.0,0.5,0
0.2,30.16,45.0,0.5,0
0.7,30.56,45.0,0.5,0
2.8,32.24,45.0,0.5,0
4.3,33.44,45.0,0.5,0
4.2,33.36,45.0,0.5,0
1.6,31.28,45.0,0.5,0
0.5,30.4,45.0,0.5,0
0.2,30.16,45.0,0.5,0
2.2,31.76,45.0,0.5,0
4.9,33.92,45.0,0.5,0
3.3,32.64,45.0,0.5,0
11.2,38.96,45.0,0.5,0
0.1,30.08,45.0,0.5,0
1.1,30.88,45.0,0.5,0
3.0,32.4,45.0,0.5,0
0.5,30.4,45.0,0.5,0
0.8,30.64,45.0,0.5,0
0.0,30.0,45.0,0.5,0
0.0,30.0,45.0,0.5,0
0.2,30.16,45.0,0.5,0
0.0,30.0,45.0,0.5,0
4.4,33.52,45.0,0.5,0
1.6,31.28,45.0,0.5,0
4.5,33.6,45.0,0.5,0
6.0,34.8,45.0,0.5,0
23.5,48.8,45.0,0.5,0
16.6,43.28,45.0,0.5,0
20.4,46.32,45.0,0.5,0
2.3,31.84,45.0,0.5,0
6.9,35.52,45.0,0.5,0
4.2,33.36,45.0,0.5,0
2.0,31.6,45.0,0.5,0
1.5,31.2,45.0,0.5,0
0.0,30.0,45.0,0.5,0
0.0,30.0,45.0,0.5,0
0.0,30.0,45.0,0.5,0
4.9,33.92,45.0,0.5,0
7.0,35.6,45.0,0.5,0
2.8,32.24,45.0,0.5,0
2.3,31.84,45.0,0.5,0
0.7,30.56,45.0,0.5,0
0.1,30.08,45.0,0.5,0
1.9,31.52,45.0,0.5,0
2.1,31.68,45.0,0.5,0
1.8,31.44,45.0,0.5,0
2.1,31.68,45.0,0.5,0
0.0,30.0,45.0,0.5,0
0.0,30.0,45.0,0.5,0
0.0,30.0,45.0,0.5,0
0.0,30.0,45.0,0.5,0
0.2,30.16,45.0,0.5,0
0.9,30.72,45.0,0.5,0
1.2,30.96,45.0,0.5,0
2.0,31.6,45.0,0.5,0
0.0,30.0,45.0,0.5,0
0.0,30.0,45.0,0.5,0
0.0,30.0,45.0,0.5,0
0.5,30.4,45.0,0.5,0
6.7,35.36,45.0,0.5,0
9.1,37.28,45.0,0.5,0
7.5,36.0,45.0,0.5,0
4.0,33.2,45.0,0.5,0
17.5,44.0,45.0,0.5,0
3.5,32.8,45.0,0.5,0
1.6,31.28,45.0,0.5,0
2.5,32.0,45.0,0.5,0
0.1,30.08,45.0,0.5,0
0.0,30.0,45.0,0.5,0
0.0,30.0,45.0,0.5,0
0.0,30.0,45.0,0.5,0
0.0,30.0,45.0,0.5,0
1.7,31.36,45.0,0.5,0
0.3,30.24,45.0,0.5,0
1.1,30.88,45.0,0.5,0
0.0,30.0,45.0,0.5,0
0.1,30.08,45.0,0.5,0
0.0,30.0,45.0,0.5,0
0.0,30.0,45.0,0.5,0
0.7,30.56,45.0,0.5,0
0.0,30.0,45.0,0.5,0
0.3,30.24,45.0,0.5,0
0.7,30.56,45.0,0.5,0
0.1,30.08,45.0,0.5,0
0.0,30.0,45.0,0.5,0
0.0,30.0,45.0,0.5,0
0.0,30.0,45.0,0.5,0
0.0,30.0,45.0,0.5,0
0.0,30.0,45.0,0.5,0
0.7,30.56,45.0,0.5,0
0.0,30.0,45.0,0.5,0
0.0,30.0,45.0,0.5,0
4.8,33.84,45.0,0.5,0
0.0,30.0,45.0,0.5,0
1.8,31.44,45.0,0.5,0
3.9,33.12,45.0,0.5,0
0.1,30.08,45.0,0.5,0
12.3,39.84,45.0,0.5,0
10.3,38.24,45.0,0.5,0
0.0,30.0,45.0,0.5,0
0.0,30.0,45.0,0.5,0
0.0,30.0,45.0,0.5,0
6.2,34.96,45.0,0.5,0
0.0,30.0,45.0,0.5,0
0.0,30.0,45.0,0.5,0
0.2,30.16,45.0,0.5,0
0.6,30.48,45.0,0.5,0
0.2,30.16,45.0,0.5,0
1.2,30.96,45.0,0.5,0
0.9,30.72,45.0,0.5,0
0.0,30.0,45.0,0.5,0
5.7,34.56,45.0,0.5,0
4.4,33.52,45.0,0.5,0
0.5,30.4,45.0,0.5,0
0.5,30.4,45.0,0.5,0
0.2,30.16,45.0,0.5,0
0.0,30.0,45.0,0.5,0
0.0,30.0,45.0,0.5,0
0.7,30.56,45.0,0.5,0
2.0,31.6,45.0,0.5,0
4.6,33.68,45.0,0.5,0
3.5,32.8,45.0,0.5,0
2.0,31.6,45.0,0.5,0
3.4,32.72,45.0,0.5,0
2.1,31.68,45.0,0.5,0
3.6,32.88,45.0,0.5,0
0.6,30.48,45.0,0.5,0
1.0,30.8,45.0,0.5,0
1.3,31.04,45.0,0.5,0
1.7,31.36,45.0,0.5,0
13.8,41.04,45.0,0.5,0
19.8,45.84,45.0,0.5,0
9.1,37.28,45.0,0.5,0
3.1,32.480000000000004,45.0,0.5,0
11.5,39.2,45.0,0.5,0
16.6,43.28,45.0,0.5,0
0.0,30.0,45.0,0.5,0
6.8,35.44,45.0,0.5,0
5.7,34.56,45.0,0.5,0
1.7,31.36,45.0,0.5,0
1.2,30.96,45.0,0.5,0
3.2,32.56,45.0,0.5,0
0.6,30.48,45.0,0.5,0
3.3,32.64,45.0,0.5,0
0.0,30.0,45.0,0.5,0
0.0,30.0,45.0,0.5,0
4.1,33.28,45.0,0.5,0
4.2,33.36,45.0,0.5,0
0.9,30.72,45.0,0.5,0
4.7,33.76,45.0,0.5,0
3.9,33.12,45.0,0.5,0
3.7,32.96,45.0,0.5,0
3.1,32.480000000000004,45.0,0.5,0
0.4,30.32,45.0,0.5,0
1.7,31.36,45.0,0.5,0
1.3,31.04,45.0,0.5,0
1.1,30.88,45.0,0.5,0
4.2,33.36,45.0,0.5,0
6.3,35.04,45.0,0.5,0
0.5,30.4,45.0,0.5,0
0.2,30.16,45.0,0.5,0
6.6,35.28,45.0,0.5,0
1.4,31.12,45.0,0.5,0
0.9,30.72,45.0,0.5,0
0.0,30.0,45.0,0.5,0
0.0,30.0,45.0,0.5,0
0.0,30.0,45.0,0.5,0
0.3,30.24,45.0,0.5,0
0.0,30.0,45.0,0.5,0
0.0,30.0,45.0,0.5,0
0.0,30.0,45.0,0.5,0
0.0,30.0,45.0,0.5,0
0.0,30.0,45.0,0.5,0
0.3,30.24,45.0,0.5,0
0.0,30.0,45.0,0.5,0
0.0,30.0,45.0,0.5,0
0.0,30.0,45.0,0.5,0
0.9,30.72,45.0,0.5,0
6.0,34.8,45.0,0.5,0
28.8,53.040000000000006,45.0,0.5,0
0.7,30.56,45.0,0.5,0
2.4,31.92,45.0,0.5,0
7.3,35.84,45.0,0.5,0
13.6,40.88,45.0,0.5,0
14.5,41.6,45.0,0.5,0
4.4,33.52,45.0,0.5,0
9.1,37.28,45.0,0.5,0
8.5,36.8,45.0,0.5,0
6.3,35.04,45.0,0.5,0
12.7,40.16,45.0,0.5,0
4.3,33.44,45.0,0.5,0
5.1,34.08,45.0,0.5,0
5.1,34.08,45.0,0.5,0
9.4,37.52,45.0,0.5,0
12.5,40.0,45.0,0.5,0
5.7,34.56,45.0,0.5,0
3.4,32.72,45.0,0.5,0
17.3,43.84,45.0,0.5,0
3.3,32.64,45.0,0.5,0
5.6,34.48,45.0,0.5,0
0.0,30.0,45.0,0.5,0
0.5,30.4,45.0,0.5,0
7.1,35.68,45.0,0.5,0
28.0,52.400000000000006,45.0,0.5,0
7.2,35.76,45.0,0.5,0
9.1,37.28,45.0,0.5,0
3.8,33.04,45.0,0.5,0
0.3,30.24,45.0,0.5,0
3.3,32.64,45.0,0.5,0
0.7,30.56,45.0,0.5,0
3.2,32.56,45.0,0.5,0
5.2,34.16,45.0,0.5,0
7.6,36.08,45.0,0.5,0
13.8,41.04,45.0,0.5,0
9.9,37.92,45.0,0.5,0
11.0,38.8,45.0,0.5,0
9.5,37.6,45.0,0.5,0
0.7,30.56,45.0,0.5,0
12.7,40.16,45.0,0.5,0
11.7,39.36,45.0,0.5,0
1.7,31.36,45.0,0.5,0
7.6,36.08,45.0,0.5,0
7.1,35.68,45.0,0.5,0
2.1,31.68,45.0,0.5,0
0.3,30.24,45.0,0.5,0
2.7,32.16,45.0,0.5,0
4.0,33.2,45.0,0.5,0
1.7,31.36,45.0,0.5,0
4.3,33.44,45.0,0.5,0
9.7,37.76,45.0,0.5,0
7.5,36.0,45.0,0.5,0
2.1,31.68,45.0,0.5,0
4.6,33.68,45.0,0.5,0
9.8,37.84,45.0,0.5,0
2.3,31.84,45.0,0.5,0
10.9,38.72,45.0,0.5,0
10.3,38.24,45.0,0.5,0
2.9,32.32,45.0,0.5,0
17.6,44.08,45.0,0.5,0
4.5,33.6,45.0,0.5,0
1.8,31.44,45.0,0.5,0
3.2,32.56,45.0,0.5,0
1.1,30.88,45.0,0.5,0
0.7,30.56,45.0,0.5,0
6.7,35.36,45.0,0.5,0
5.5,34.4,45.0,0.5,0
5.5,34.4,45.0,0.5,0
1.5,31.2,45.0,0.5,0
2.6,32.08,45.0,0.5,0
2.0,31.6,45.0,0.5,0
1.8,31.44,45.0,0.5,0
2.8,32.24,45.0,0.5,0
3.5,32.8,45.0,0.5,0
2.6,32.08,45.0,0.5,0
4.0,33.2,45.0,0.5,0
1.4,31.12,45.0,0.5,0
2.1,31.68,45.0,0.5,0
1.7,31.36,45.0,0.5,0
2.8,32.24,45.0,0.5,0
11.1,38.88,45.0,0.5,0
3.2,32.56,45.0,0.5,0
4.6,33.68,45.0,0.5,0
1.9,31.52,45.0,0.5,0
1.6,31.28,45.0,0.5,0
9.9,37.92,45.0,0.5,0
8.3,36.64,45.0,0.5,0
21.9,47.519999999999996,45.0,0.5,0
29.9,53.92,45.0,0.5,0
28.1,52.480000000000004,45.0,0.5,0
7.7,36.16,45.0,0.5,0
2.8,32.24,45.0,0.5,0
2.3,31.84,45.0,0.5,0
0.6,30.48,45.0,0.5,0
3.6,32.88,45.0,0.5,0
8.6,36.88,45.0,0.5,0
6.8,35.44,45.0,0.5,0
10.1,38.08,45.0,0.5,0
20.9,46.72,45.0,0.5,0
25.3,50.24,45.0,0.5,0
3.9,33.12,45.0,0.5,0
3.2,32.56,45.0,0.5,0
3.9,33.12,45.0,0.5,0
7.7,36.16,45.0,0.5,0
0.8,30.64,45.0,0.5,0
0.4,30.32,45.0,0.5,0
4.4,33.52,45.0,0.5,0
5.1,34.08,45.0,0.5,0
0.4,30.32,45.0,0.5,0
7.8,36.24,45.0,0.5,0
7.5,36.0,45.0,0.5,0
5.5,34.4,45.0,0.5,0
1.8,31.44,45.0,0.5,0
3.1,32.480000000000004,45.0,0.5,0
2.2,31.76,45.0,0.5,0
5.1,34.08,45.0,0.5,0
0.0,30.0,45.0,0.5,0
2.3,31.84,45.0,0.5,0
1.8,31.44,45.0,0.5,0
16.5,43.2,45.0,0.5,0
20.8,46.64,45.0,0.5,0
4.8,33.84,45.0,0.5,0
3.7,32.96,45.0,0.5,0
20.1,46.08,45.0,0.5,0
8.4,36.72,45.0,0.5,0
0.8,30.64,45.0,0.5,0
4.2,33.36,45.0,0.5,0
1.9,31.52,45.0,0.5,0
3.4,32.72,45.0,0.5,0
1.2,30.96,45.0,0.5,0
2.5,32.0,45.0,0.5,0
5.5,34.4,45.0,0.5,0
3.2,32.56,45.0,0.5,0
26.2,50.96,45.0,0.5,0
5.0,34.0,45.0,0.5,0
8.9,37.120000000000005,45.0,0.5,0
4.5,33.6,45.0,0.5,0
12.9,40.32,45.0,0.5,0
18.3,44.64,45.0,0.5,0
0.7,30.56,45.0,0.5,0
10.2,38.16,45.0,0.5,0
0.4,30.32,45.0,0.5,0
8.9,37.120000000000005,45.0,0.5,0
0.1,30.08,45.0,0.5,0
0.2,30.16,45.0,0.5,0
8.6,36.88,45.0,0.5,0
7.8,36.24,45.0,0.5,0
4.6,33.68,45.0,0.5,0
0.8,30.64,45.0,0.5,0
2.0,31.6,45.0,0.5,0
3.4,32.72,45.0,0.5,0
3.2,32.56,45.0,0.5,0
0.4,30.32,45.0,0.5,0
0.6,30.48,45.0,0.5,0
6.8,35.44,45.0,0.5,0
21.6,47.28,45.0,0.5,0
5.4,34.32,45.0,0.5,0
2.2,31.76,45.0,0.5,0
0.2,30.16,45.0,0.5,0
5.1,34.08,45.0,0.5,0
10.6,38.480000000000004,45.0,0.5,0
3.0,32.4,45.0,0.5,0
3.0,32.4,45.0,0.5,0
2.8,32.24,45.0,0.5,0
2.5,32.0,45.0,0.5,0
3.2,32.56,45.0,0.5,0
11.0,38.8,45.0,0.5,0
3.3,32.64,45.0,0.5,0
34.0,57.2,45.0,0.5,0
5.7,34.56,45.0,0.5,0
1.1,30.88,45.0,0.5,0
1.2,30.96,45.0,0.5,0
6.2,34.96,45.0,0.5,0
11.2,38.96,45.0,0.5,0
2.0,31.6,45.0,0.5,0
6.8,35.44,45.0,0.5,0
5.6,34.48,45.0,0.5,0
5.5,34.4,45.0,0.5,0
1.9,31.52,45.0,0.5,0
1.7,31.36,45.0,0.5,0
1.4,31.12,45.0,0.5,0
1.0,30.8,45.0,0.5,0
0.7,30.56,45.0,0.5,0
1.0,30.8,45.0,0.5,0
1.9,31.52,45.0,0.5,0
2.3,31.84,45.0,0.5,0
5.3,34.24,45.0,0.5,0
3.6,32.88,45.0,0.5,0
6.9,35.52,45.0,0.5,0
2.7,32.16,45.0,0.5,0
1.7,31.36,45.0,0.5,0
0.8,30.64,45.0,0.5,0
0.9,30.72,45.0,0.5,0
0.9,30.72,45.0,0.5,0
0.3,30.24,45.0,0.5,0
0.4,30.32,45.0,0.5,0
2.8,32.24,45.0,0.5,0
5.4,34.32,45.0,0.5,0
7.8,36.24,45.0,0.5,0
5.1,34.08,45.0,0.5,0
3.8,33.04,45.0,0.5,0
2.8,32.24,45.0,0.5,0
4.8,33.84,45.0,0.5,0
11.9,39.52,45.0,0.5,0
12.5,40.0,45.0,0.5,0
10.8,38.64,45.0,0.5,0
8.2,36.56,45.0,0.5,0
2.4,31.92,45.0,0.5,0
0.0,30.0,45.0,0.5,0
0.0,30.0,45.0,0.5,0
0.0,30.0,45.0,0.5,0
0.0,30.0,45.0,0.5,0
0.0,30.0,45.0,0.5,0
0.0,30.0,45.0,0.5,0
0.0,30.0,45.0,0.5,0
0.0,30.0,45.0,0.5,0
0.0,30.0,45.0,0.5,0
23.6,48.88,45.0,0.5,0
65.3,82.24000000000001,45.0,0.5,1
3.2,32.56,45.0,0.5,0
1.7,31.36,45.0,0.5,0
2.5,32.0,45.0,0.5,0
0.1,30.08,45.0,0.5,0
0.0,30.0,45.0,0.5,0
0.0,30.0,45.0,0.5,0
0.0,30.0,45.0,0.5,0
0.0,30.0,45.0,0.5,0
0.0,30.0,45.0,0.5,0
0.0,30.0,45.0,0.5,0
0.0,30.0,45.0,0.5,0
0.1,30.08,45.0,0.5,0
0.0,30.0,45.0,0.5,0
1.1,30.88,45.0,0.5,0
1.0,30.8,45.0,0.5,0
0.0,30.0,45.0,0.5,0
0.0,30.0,45.0,0.5,0
4.8,33.84,45.0,0.5,0
5.2,34.16,45.0,0.5,0
0.9,30.72,45.0,0.5,0
0.3,30.24,45.0,0.5,0
1.0,30.8,45.0,0.5,0
2.8,32.24,45.0,0.5,0
0.1,30.08,45.0,0.5,0
0.0,30.0,45.0,0.5,0
0.0,30.0,45.0,0.5,0
0.0,30.0,45.0,0.5,0
0.0,30.0,45.0,0.5,0
0.0,30.0,45.0,0.5,0
0.0,30.0,45.0,0.5,0
0.0,30.0,45.0,0.5,0
0.0,30.0,45.0,0.5,0
0.0,30.0,45.0,0.5,0
0.0,30.0,45.0,0.5,0
0.0,30.0,45.0,0.5,0
0.0,30.0,45.0,0.5,0
0.0,30.0,45.0,0.5,0
0.0,30.0,45.0,0.5,0
0.0,30.0,45.0,0.5,0
0.0,30.0,45.0,0.5,0
0.0,30.0,45.0,0.5,0
0.0,30.0,45.0,0.5,0
0.0,30.0,45.0,0.5,0
0.0,30.0,45.0,0.5,0
0.0,30.0,45.0,0.5,0
0.0,30.0,45.0,0.5,0
0.0,30.0,45.0,0.5,0
0.0,30.0,45.0,0.5,0
0.0,30.0,45.0,0.5,0
0.7,30.56,45.0,0.5,0
0.6,30.48,45.0,0.5,0
1.6,31.28,45.0,0.5,0
3.5,32.8,45.0,0.5,0
4.5,33.6,45.0,0.5,0
5.9,34.72,45.0,0.5,0
2.0,31.6,45.0,0.5,0
1.3,31.04,45.0,0.5,0
0.2,30.16,45.0,0.5,0
0.0,30.0,45.0,0.5,0
3.0,32.4,45.0,0.5,0
1.5,31.2,45.0,0.5,0
0.4,30.32,45.0,0.5,0
15.8,42.64,45.0,0.5,0
3.9,33.12,45.0,0.5,0
2.3,31.84,45.0,0.5,0
8.9,37.120000000000005,45.0,0.5,0
13.3,40.64,45.0,0.5,0
2.7,32.16,45.0,0.5,0
0.9,30.72,45.0,0.5,0
0.0,30.0,45.0,0.5,0
0.0,30.0,45.0,0.5,0
0.0,30.0,45.0,0.5,0
0.0,30.0,45.0,0.5,0
0.0,30.0,45.0,0.5,0
0.0,30.0,45.0,0.5,0
0.0,30.0,45.0,0.5,0
0.0,30.0,45.0,0.5,0
0.0,30.0,45.0,0.5,0
2.1,31.68,45.0,0.5,0
3.6,32.88,45.0,0.5,0
0.1,30.08,45.0,0.5,0
0.4,30.32,45.0,0.5,0
0.4,30.32,45.0,0.5,0
0.1,30.08,45.0,0.5,0
0.2,30.16,45.0,0.5,0
5.1,34.08,45.0,0.5,0
3.0,32.4,45.0,0.5,0
0.0,30.0,45.0,0.5,0
0.0,30.0,45.0,0.5,0
0.0,30.0,45.0,0.5,0
0.0,30.0,45.0,0.5,0
0.0,30.0,45.0,0.5,0
0.0,30.0,45.0,0.5,0
0.5,30.4,45.0,0.5,0
0.0,30.0,45.0,0.5,0
0.0,30.0,45.0,0.5,0
0.0,30.0,45.0,0.5,0
0.0,30.0,45.0,0.5,0
0.0,30.0,45.0,0.5,0
0.0,30.0,45.0,0.5,0
0.3,30.24,45.0,0.5,0
9.2,37.36,45.0,0.5,0
4.8,33.84,45.0,0.5,0
5.3,34.24,45.0,0.5,0
23.7,48.96,45.0,0.5,0
19.5,45.6,45.0,0.5,0
14.1,41.28,45.0,0.5,0
8.4,36.72,45.0,0.5,0
4.3,33.44,45.0,0.5,0
2.2,31.76,45.0,0.5,0
0.4,30.32,45.0,0.5,0
0.0,30.0,45.0,0.5,0
0.5,30.4,45.0,0.5,0
0.0,30.0,45.0,0.5,0
0.0,30.0,45.0,0.5,0
0.5,30.4,45.0,0.5,0
7.3,35.84,45.0,0.5,0
8.2,36.56,45.0,0.5,0
10.2,38.16,45.0,0.5,0
7.3,35.84,45.0,0.5,0
6.5,35.2,45.0,0.5,0
10.2,38.16,45.0,0.5,0
4.6,33.68,45.0,0.5,0
3.3,32.64,45.0,0.5,0
2.7,32.16,45.0,0.5,0
12.5,40.0,45.0,0.5,0
6.1,34.88,45.0,0.5,0
5.4,34.32,45.0,0.5,0
1.9,31.52,45.0,0.5,0
4.9,33.92,45.0,0.5,0
2.8,32.24,45.0,0.5,0
2.5,32.0,45.0,0.5,0
5.0,34.0,45.0,0.5,0
2.9,32.32,45.0,0.5,0
5.8,34.64,45.0,0.5,0
2.3,31.84,45.0,0.5,0
0.6,30.48,45.0,0.5,0
1.0,30.8,45.0,0.5,0
2.8,32.24,45.0,0.5,0
8.3,36.64,45.0,0.5,0
19.5,45.6,45.0,0.5,0
1.4,31.12,45.0,0.5,0
7.0,35.6,45.0,0.5,0
4.6,33.68,45.0,0.5,0
3.1,32.480000000000004,45.0,0.5,0
4.1,33.28,45.0,0.5,0
5.8,34.64,45.0,0.5,0
7.5,36.0,45.0,0.5,0
11.3,39.04,45.0,0.5,0
8.1,36.480000000000004,45.0,0.5,0
9.1,37.28,45.0,0.5,0
7.2,35.76,45.0,0.5,0
1.7,31.36,45.0,0.5,0
6.0,34.8,45.0,0.5,0
7.0,35.6,45.0,0.5,0
5.6,34.48,45.0,0.5,0
1.4,31.12,45.0,0.5,0
6.0,34.8,45.0,0.5,0
2.3,31.84,45.0,0.5,0
5.8,34.64,45.0,0.5,0
10.0,38.0,45.0,0.5,0
7.4,35.92,45.0,0.5,0
8.6,36.88,45.0,0.5,0
6.1,34.88,45.0,0.5,0
3.0,32.4,45.0,0.5,0
7.1,35.68,45.0,0.5,0
7.7,36.16,45.0,0.5,0
4.4,33.52,45.0,0.5,0
7.1,35.68,45.0,0.5,0
9.6,37.68,45.0,0.5,0
4.8,33.84,45.0,0.5,0
0.1,30.08,45.0,0.5,0
0.3,30.24,45.0,0.5,0
1.3,31.04,45.0,0.5,0
1.4,31.12,45.0,0.5,0
5.6,34.48,45.0,0.5,0
9.0,37.2,45.0,0.5,0
8.7,36.96,45.0,0.5,0
15.9,42.72,45.0,0.5,0
2.7,32.16,45.0,0.5,0
0.8,30.64,45.0,0.5,0
0.8,30.64,45.0,0.5,0
11.8,39.44,45.0,0.5,0
7.1,35.68,45.0,0.5,0
7.6,36.08,45.0,0.5,0
10.2,38.16,45.0,0.5,0
5.5,34.4,45.0,0.5,0
14.4,41.52,45.0,0.5,0
3.6,32.88,45.0,0.5,0
9.2,37.36,45.0,0.5,0
13.2,40.56,45.0,0.5,0
7.0,35.6,45.0,0.5,0
10.2,38.16,45.0,0.5,0
4.5,33.6,45.0,0.5,0
7.3,35.84,45.0,0.5,0
8.3,36.64,45.0,0.5,0
5.5,34.4,45.0,0.5,0
7.5,36.0,45.0,0.5,0
0.0,30.0,45.0,0.5,0
1.7,31.36,45.0,0.5,0
5.8,34.64,45.0,0.5,0
8.0,36.4,45.0,0.5,0
2.9,32.32,45.0,0.5,0
5.2,34.16,45.0,0.5,0
6.2,34.96,45.0,0.5,0
9.3,37.44,45.0,0.5,0
2.0,31.6,45.0,0.5,0
2.0,31.6,45.0,0.5,0
5.6,34.48,45.0,0.5,0
0.6,30.48,45.0,0.5,0
7.0,35.6,45.0,0.5,0
9.8,37.84,45.0,0.5,0
12.9,40.32,45.0,0.5,0
4.2,33.36,45.0,0.5,0
1.8,31.44,45.0,0.5,0
0.4,30.32,45.0,0.5,0
0.6,30.48,45.0,0.5,0
0.7,30.56,45.0,0.5,0
5.5,34.4,45.0,0.5,0
6.5,35.2,45.0,0.5,0
4.8,33.84,45.0,0.5,0
3.2,32.56,45.0,0.5,0
0.2,30.16,45.0,0.5,0
0.8,30.64,45.0,0.5,0
0.1,30.08,45.0,0.5,0
1.7,31.36,45.0,0.5,0
8.8,37.04,45.0,0.5,0
11.0,38.8,45.0,0.5,0
9.8,37.84,45.0,0.5,0
1.9,31.52,45.0,0.5,0
2.9,32.32,45.0,0.5,0
2.0,31.6,45.0,0.5,0
36.6,59.28,45.0,0.5,1
26.3,51.040000000000006,45.0,0.5,0
10.7,38.56,45.0,0.5,0
6.6,35.28,45.0,0.5,0
6.6,35.28,45.0,0.5,0
8.6,36.88,45.0,0.5,0
7.4,35.92,45.0,0.5,0
9.1,37.28,45.0,0.5,0
0.4,30.32,45.0,0.5,0
6.2,34.96,45.0,0.5,0
4.4,33.52,45.0,0.5,0
7.4,35.92,45.0,0.5,0
10.6,38.480000000000004,45.0,0.5,0
1.3,31.04,45.0,0.5,0
2.6,32.08,45.0,0.5,0
3.2,32.56,45.0,0.5,0
6.7,35.36,45.0,0.5,0
4.7,33.76,45.0,0.5,0
13.0,40.4,45.0,0.5,0
2.6,32.08,45.0,0.5,0
2.3,31.84,45.0,0.5,0
4.3,33.44,45.0,0.5,0
6.0,34.8,45.0,0.5,0
5.6,34.48,45.0,0.5,0
5.8,34.64,45.0,0.5,0
5.4,34.32,45.0,0.5,0
5.5,34.4,45.0,0.5,0
14.8,41.84,45.0,0.5,0
17.3,43.84,45.0,0.5,0
4.4,33.52,45.0,0.5,0
4.9,33.92,45.0,0.5,0
11.3,39.04,45.0,0.5,0
10.0,38.0,45.0,0.5,0
1.4,31.12,45.0,0.5,0
1.9,31.52,45.0,0.5,0
2.9,32.32,45.0,0.5,0
11.7,39.36,45.0,0.5,0
3.6,32.88,45.0,0.5,0
3.3,32.64,45.0,0.5,0
2.3,31.84,45.0,0.5,0
1.7,31.36,45.0,0.5,0
5.0,34.0,45.0,0.5,0
7.1,35.68,45.0,0.5,0
8.8,37.04,45.0,0.5,0
11.2,38.96,45.0,0.5,0
3.2,32.56,45.0,0.5,0
4.7,33.76,45.0,0.5,0
10.0,38.0,45.0,0.5,0
3.8,33.04,45.0,0.5,0
1.9,31.52,45.0,0.5,0
4.5,33.6,45.0,0.5,0
14.6,41.68,45.0,0.5,0
2.7,32.16,45.0,0.5,0
12.1,39.68,45.0,0.5,0
9.5,37.6,45.0,0.5,0
6.0,34.8,45.0,0.5,0
2.4,31.92,45.0,0.5,0
3.3,32.64,45.0,0.5,0
8.3,36.64,45.0,0.5,0
17.9,44.32,45.0,0.5,0
1.9,31.52,45.0,0.5,0
4.9,33.92,45.0,0.5,0
4.2,33.36,45.0,0.5,0
1.8,31.44,45.0,0.5,0
2.0,31.6,45.0,0.5,0
10.9,38.72,45.0,0.5,0
6.7,35.36,45.0,0.5,0
7.7,36.16,45.0,0.5,0
14.2,41.36,45.0,0.5,0
9.3,37.44,45.0,0.5,0
15.9,42.72,45.0,0.5,0
3.9,33.12,45.0,0.5,0
6.8,35.44,45.0,0.5,0
13.8,41.04,45.0,0.5,0
21.8,47.44,45.0,0.5,0
2.4,31.92,45.0,0.5,0
0.6,30.48,45.0,0.5,0
2.6,32.08,45.0,0.5,0
2.1,31.68,45.0,0.5,0
0.7,30.56,45.0,0.5,0
1.1,30.88,45.0,0.5,0
0.0,30.0,45.0,0.5,0
0.0,30.0,45.0,0.5,0
1.6,31.28,45.0,0.5,0
0.0,30.0,45.0,0.5,0
0.8,30.64,45.0,0.5,0
0.9,30.72,45.0,0.5,0
1.0,30.8,45.0,0.5,0
1.2,30.96,45.0,0.5,0
0.0,30.0,45.0,0.5,0
1.4,31.12,45.0,0.5,0
0.0,30.0,45.0,0.5,0
1.6,31.28,45.0,0.5,0
1.6,31.28,45.0,0.5,0
0.3,30.24,45.0,0.5,0
0.2,30.16,45.0,0.5,0
4.2,33.36,45.0,0.5,0
1.2,30.96,45.0,0.5,0
18.3,44.64,45.0,0.5,0
3.7,32.96,45.0,0.5,0
7.8,36.24,45.0,0.5,0
5.7,34.56,45.0,0.5,0
3.6,32.88,45.0,0.5,0
1.0,30.8,45.0,0.5,0
0.4,30.32,45.0,0.5,0
1.1,30.88,45.0,0.5,0
1.0,30.8,45.0,0.5,0
2.4,31.92,45.0,0.5,0
1.6,31.28,45.0,0.5,0
1.1,30.88,45.0,0.5,0
0.7,30.56,45.0,0.5,0
18.1,44.480000000000004,45.0,0.5,0
8.1,36.480000000000004,45.0,0.5,0
0.6,30.48,45.0,0.5,0
1.8,31.44,45.0,0.5,0
2.4,31.92,45.0,0.5,0
1.3,31.04,45.0,0.5,0
3.1,32.480000000000004,45.0,0.5,0
0.5,30.4,45.0,0.5,0
1.4,31.12,45.0,0.5,0
0.5,30.4,45.0,0.5,0
0.5,30.4,45.0,0.5,0
1.6,31.28,45.0,0.5,0
0.9,30.72,45.0,0.5,0
0.4,30.32,45.0,0.5,0
1.7,31.36,45.0,0.5,0
0.1,30.08,45.0,0.5,0
0.1,30.08,45.0,0.5,0
0.0,30.0,45.0,0.5,0
0.0,30.0,45.0,0.5,0
0.0,30.0,45.0,0.5,0
0.0,30.0,45.0,0.5,0
0.0,30.0,45.0,0.5,0
0.3,30.24,45.0,0.5,0
0.0,30.0,45.0,0.5,0
0.0,30.0,45.0,0.5,0
0.0,30.0,45.0,0.5,0
0.2,30.16,45.0,0.5,0
0.0,30.0,45.0,0.5,0
0.0,30.0,45.0,0.5,0
0.2,30.16,45.0,0.5,0
4.4,33.52,45.0,0.5,0
1.8,31.44,45.0,0.5,0
0.2,30.16,45.0,0.5,0
0.3,30.24,45.0,0.5,0
0.2,30.16,45.0,0.5,0
2.8,32.24,45.0,0.5,0
1.9,31.52,45.0,0.5,0
0.8,30.64,45.0,0.5,0
1.1,30.88,45.0,0.5,0
0.0,30.0,45.0,0.5,0
0.0,30.0,45.0,0.5,0
0.0,30.0,45.0,0.5,0
0.0,30.0,45.0,0.5,0
0.0,30.0,45.0,0.5,0
0.0,30.0,45.0,0.5,0
0.0,30.0,45.0,0.5,0
0.0,30.0,45.0,0.5,0
0.0,30.0,45.0,0.5,0
3.2,32.56,45.0,0.5,0
6.0,34.8,45.0,0.5,0
0.1,30.08,45.0,0.5,0
0.0,30.0,45.0,0.5,0
0.0,30.0,45.0,0.5,0
0.0,30.0,45.0,0.5,0
0.0,30.0,45.0,0.5,0
0.0,30.0,45.0,0.5,0
0.0,30.0,45.0,0.5,0
0.0,30.0,45.0,0.5,0
0.0,30.0,45.0,0.5,0
0.1,30.08,45.0,0.5,0
0.0,30.0,45.0,0.5,0
0.2,30.16,45.0,0.5,0
0.0,30.0,45.0,0.5,0
0.6,30.48,45.0,0.5,0
2.7,32.16,45.0,0.5,0
7.1,35.68,45.0,0.5,0
1.0,30.8,45.0,0.5,0
5.0,34.0,45.0,0.5,0
0.0,30.0,45.0,0.5,0
0.0,30.0,45.0,0.5,0
1.2,30.96,45.0,0.5,0
0.1,30.08,45.0,0.5,0
0.0,30.0,45.0,0.5,0
0.0,30.0,45.0,0.5,0
0.6,30.48,45.0,0.5,0
0.0,30.0,45.0,0.5,0
0.0,30.0,45.0,0.5,0
0.0,30.0,45.0,0.5,0
0.0,30.0,45.0,0.5,0
0.0,30.0,45.0,0.5,0
0.0,30.0,45.0,0.5,0
0.0,30.0,45.0,0.5,0
0.0,30.0,45.0,0.5,0
0.0,30.0,45.0,0.5,0
0.6,30.48,45.0,0.5,0
0.0,30.0,45.0,0.5,0
0.0,30.0,45.0,0.5,0
0.1,30.08,45.0,0.5,0
0.0,30.0,45.0,0.5,0
0.0,30.0,30.0,0.8,0
0.0,30.0,30.0,0.8,0
0.0,30.0,30.0,0.8,0
0.0,30.0,30.0,0.8,0
0.0,30.0,30.0,0.8,0
0.0,30.0,30.0,0.8,0
0.0,30.0,30.0,0.8,0
0.0,30.0,30.0,0.8,0
0.0,30.0,30.0,0.8,0
0.2,30.16,30.0,0.8,0
5.6,34.48,30.0,0.8,0
4.2,33.36,30.0,0.8,0
0.7,30.56,30.0,0.8,0
0.1,30.08,30.0,0.8,0
0.0,30.0,30.0,0.8,0
0.6,30.48,30.0,0.8,0
0.9,30.72,30.0,0.8,0
0.1,30.08,30.0,0.8,0
5.6,34.48,30.0,0.8,0
4.5,33.6,30.0,0.8,0
10.9,38.72,30.0,0.8,0
0.0,30.0,30.0,0.8,0
0.0,30.0,30.0,0.8,0
0.2,30.16,30.0,0.8,0
0.0,30.0,30.0,0.8,0
0.0,30.0,30.0,0.8,0
0.0,30.0,30.0,0.8,0
0.0,30.0,30.0,0.8,0
0.0,30.0,30.0,0.8,0
2.7,32.16,30.0,0.8,0
0.9,30.72,30.0,0.8,0
1.0,30.8,30.0,0.8,0
0.0,30.0,30.0,0.8,0
0.0,30.0,30.0,0.8,0
0.0,30.0,30.0,0.8,0
0.2,30.16,30.0,0.8,0
2.8,32.24,30.0,0.8,0
0.5,30.4,30.0,0.8,0
0.0,30.0,30.0,0.8,0
0.0,30.0,30.0,0.8,0
0.0,30.0,30.0,0.8,0
0.3,30.24,30.0,0.8,0
0.0,30.0,30.0,0.8,0
0.0,30.0,30.0,0.8,0
0.0,30.0,30.0,0.8,0
0.1,30.08,30.0,0.8,0
6.0,34.8,30.0,0.8,0
0.6,30.48,30.0,0.8,0
3.0,32.4,30.0,0.8,0
2.7,32.16,30.0,0.8,0
2.2,31.76,30.0,0.8,0
0.0,30.0,30.0,0.8,0
0.4,30.32,30.0,0.8,0
0.8,30.64,30.0,0.8,0
0.5,30.4,30.0,0.8,0
2.9,32.32,30.0,0.8,0
12.0,39.6,30.0,0.8,0
0.9,30.72,30.0,0.8,0
0.1,30.08,30.0,0.8,0
0.0,30.0,30.0,0.8,0
1.6,31.28,30.0,0.8,0
6.5,35.2,30.0,0.8,0
2.9,32.32,30.0,0.8,0
1.5,31.2,30.0,0.8,0
2.6,32.08,30.0,0.8,0
3.3,32.64,30.0,0.8,0
0.5,30.4,30.0,0.8,0
1.2,30.96,30.0,0.8,0
15.2,42.16,30.0,0.8,0
1.1,30.88,30.0,0.8,0
0.3,30.24,30.0,0.8,0
1.3,31.04,30.0,0.8,0
23.6,48.88,30.0,0.8,0
2.2,31.76,30.0,0.8,0
0.3,30.24,30.0,0.8,0
1.2,30.96,30.0,0.8,0
0.3,30.24,30.0,0.8,0
0.0,30.0,30.0,0.8,0
0.5,30.4,30.0,0.8,0
0.8,30.64,30.0,0.8,0
0.1,30.08,30.0,0.8,0
0.4,30.32,30.0,0.8,0
0.1,30.08,30.0,0.8,0
0.5,30.4,30.0,0.8,0
0.0,30.0,30.0,0.8,0
0.0,30.0,30.0,0.8,0
0.1,30.08,30.0,0.8,0
0.0,30.0,30.0,0.8,0
20.8,46.64,30.0,0.8,0
4.4,33.52,30.0,0.8,0
19.5,45.6,30.0,0.8,0
0.6,30.48,30.0,0.8,0
1.3,31.04,30.0,0.8,0
0.0,30.0,30.0,0.8,0
0.0,30.0,30.0,0.8,0
1.9,31.52,30.0,0.8,0
0.7,30.56,30.0,0.8,0
3.9,33.12,30.0,0.8,0
6.1,34.88,30.0,0.8,0
0.5,30.4,30.0,0.8,0
0.0,30.0,30.0,0.8,0
0.1,30.08,30.0,0.8,0
0.9,30.72,30.0,0.8,0
4.1,33.28,30.0,0.8,0
7.9,36.32,30.0,0.8,0
0.7,30.56,30.0,0.8,0
2.6,32.08,30.0,0.8,0
29.5,53.6,30.0,0.8,0
0.4,30.32,30.0,0.8,0
0.2,30.16,30.0,0.8,0
0.8,30.64,30.0,0.8,0
9.6,37.68,30.0,0.8,0
0.5,30.4,30.0,0.8,0
0.7,30.56,30.0,0.8,0
0.3,30.24,30.0,0.8,0
0.1,30.08,30.0,0.8,0
1.3,31.04,30.0,0.8,0
4.1,33.28,30.0,0.8,0
3.1,32.480000000000004,30.0,0.8,0
11.3,39.04,30.0,0.8,0
7.3,35.84,30.0,0.8,0
5.9,34.72,30.0,0.8,0
20.9,46.72,30.0,0.8,0
22.0,47.6,30.0,0.8,0
25.1,50.08,30.0,0.8,0
47.5,68.0,30.0,0.8,0
25.2,50.16,30.0,0.8,0
38.4,60.72,30.0,0.8,0
19.9,45.92,30.0,0.8,0
12.3,39.84,30.0,0.8,0
42.8,64.24000000000001,30.0,0.8,0
41.2,62.96,30.0,0.8,0
32.3,55.84,30.0,0.8,0
6.5,35.2,30.0,0.8,0
6.7,35.36,30.0,0.8,0
3.9,33.12,30.0,0.8,0
9.9,37.92,30.0,0.8,0
4.2,33.36,30.0,0.8,0
17.5,44.0,30.0,0.8,0
4.6,33.68,30.0,0.8,0
3.6,32.88,30.0,0.8,0
5.6,34.48,30.0,0.8,0
11.9,39.52,30.0,0.8,0
1.0,30.8,30.0,0.8,0
1.2,30.96,30.0,0.8,0
3.6,32.88,30.0,0.8,0
31.7,55.36,30.0,0.8,0
8.6,36.88,30.0,0.8,0
4.7,33.76,30.0,0.8,0
22.4,47.92,30.0,0.8,0
25.1,50.08,30.0,0.8,0
45.0,66.0,30.0,0.8,0
8.8,37.04,30.0,0.8,0
13.6,40.88,30.0,0.8,0
3.8,33.04,30.0,0.8,0
35.6,58.480000000000004,30.0,0.8,0
5.2,34.16,30.0,0.8,0
45.1,66.08000000000001,30.0,0.8,0
70.6,86.47999999999999,30.0,0.8,1
7.4,35.92,30.0,0.8,0
8.9,37.120000000000005,30.0,0.8,0
8.2,36.56,30.0,0.8,0
67.4,83.92000000000002,30.0,0.8,1
13.1,40.480000000000004,30.0,0.8,0
18.6,44.88,30.0,0.8,0
19.6,45.68,30.0,0.8,0
12.7,40.16,30.0,0.8,0
22.4,47.92,30.0,0.8,0
73.1,88.47999999999999,30.0,0.8,1
33.0,56.400000000000006,30.0,0.8,0
67.0,83.6,30.0,0.8,1
18.8,45.04,30.0,0.8,0
12.9,40.32,30.0,0.8,0
26.6,51.28,30.0,0.8,0
10.8,38.64,30.0,0.8,0
15.7,42.56,30.0,0.8,0
48.1,68.48,30.0,0.8,0
8.0,36.4,30.0,0.8,0
4.0,33.2,30.0,0.8,0
19.2,45.36,30.0,0.8,0
25.7,50.56,30.0,0.8,0
63.6,80.88,30.0,0.8,1
61.8,79.44,30.0,0.8,1
42.2,63.760000000000005,30.0,0.8,0
53.4,72.72,30.0,0.8,0
34.7,57.760000000000005,30.0,0.8,0
63.8,81.03999999999999,30.0,0.8,1
12.5,40.0,30.0,0.8,0
14.7,41.76,30.0,0.8,0
40.6,62.480000000000004,30.0,0.8,0
23.7,48.96,30.0,0.8,0
29.7,53.760000000000005,30.0,0.8,0
30.9,54.72,30.0,0.8,0
23.2,48.56,30.0,0.8,0
16.3,43.04,30.0,0.8,0
33.3,56.64,30.0,0.8,0
15.9,42.72,30.0,0.8,0
26.7,51.36,30.0,0.8,0
16.6,43.28,30.0,0.8,0
22.8,48.24,30.0,0.8,0
26.9,51.519999999999996,30.0,0.8,0
4.7,33.76,30.0,0.8,0
1.3,31.04,30.0,0.8,0
31.4,55.120000000000005,30.0,0.8,0
29.6,53.68000000000001,30.0,0.8,0
12.7,40.16,30.0,0.8,0
8.0,36.4,30.0,0.8,0
4.9,33.92,30.0,0.8,0
3.6,32.88,30.0,0.8,0
16.5,43.2,30.0,0.8,0
45.0,66.0,30.0,0.8,0
32.4,55.92,30.0,0.8,0
20.6,46.480000000000004,30.0,0.8,0
6.3,35.04,30.0,0.8,0
9.6,37.68,30.0,0.8,0
1.8,31.44,30.0,0.8,0
2.1,31.68,30.0,0.8,0
5.8,34.64,30.0,0.8,0
40.2,62.160000000000004,30.0,0.8,0
35.5,58.400000000000006,30.0,0.8,0
24.8,49.84,30.0,0.8,0
48.4,68.72,30.0,0.8,0
53.6,72.88,30.0,0.8,0
42.8,64.24000000000001,30.0,0.8,0
68.2,84.56,30.0,0.8,1
59.5,77.6,30.0,0.8,1
31.7,55.36,30.0,0.8,0
48.9,69.12,30.0,0.8,0
26.4,51.120000000000005,30.0,0.8,0
34.3,57.44,30.0,0.8,0
32.6,56.08,30.0,0.8,0
26.4,51.120000000000005,30.0,0.8,0
21.8,47.44,30.0,0.8,0
1.9,31.52,30.0,0.8,0
38.4,60.72,30.0,0.8,0
23.3,48.64,30.0,0.8,0
37.8,60.239999999999995,30.0,0.8,0
45.5,66.4,30.0,0.8,0
23.5,48.8,30.0,0.8,0
39.4,61.519999999999996,30.0,0.8,0
37.2,59.760000000000005,30.0,0.8,0
14.7,41.76,30.0,0.8,0
33.0,56.400000000000006,30.0,0.8,0
29.6,53.68000000000001,30.0,0.8,0
37.0,59.6,30.0,0.8,0
15.1,42.08,30.0,0.8,0
10.4,38.32,30.0,0.8,0
19.7,45.76,30.0,0.8,0
10.6,38.480000000000004,30.0,0.8,0
18.6,44.88,30.0,0.8,0
10.3,38.24,30.0,0.8,0
1.4,31.12,30.0,0.8,0
3.0,32.4,30.0,0.8,0
1.7,31.36,30.0,0.8,0
0.2,30.16,30.0,0.8,0
1.1,30.88,30.0,0.8,0
1.8,31.44,30.0,0.8,0
7.2,35.76,30.0,0.8,0
8.4,36.72,30.0,0.8,0
14.1,41.28,30.0,0.8,0
14.3,41.44,30.0,0.8,0
3.0,32.4,30.0,0.8,0
4.1,33.28,30.0,0.8,0
26.8,51.44,30.0,0.8,0
34.3,57.44,30.0,0.8,0
6.0,34.8,30.0,0.8,0
12.3,39.84,30.0,0.8,0
1.6,31.28,30.0,0.8,0
3.1,32.480000000000004,30.0,0.8,0
0.0,30.0,30.0,0.8,0
11.5,39.2,30.0,0.8,0
15.4,42.32,30.0,0.8,0
15.8,42.64,30.0,0.8,0
1.9,31.52,30.0,0.8,0
24.5,49.6,30.0,0.8,0
51.2,70.96000000000001,30.0,0.8,0
22.2,47.760000000000005,30.0,0.8,0
20.3,46.24,30.0,0.8,0
5.1,34.08,30.0,0.8,0
4.9,33.92,30.0,0.8,0
10.3,38.24,30.0,0.8,0
6.0,34.8,30.0,0.8,0
6.4,35.120000000000005,30.0,0.8,0
0.5,30.4,30.0,0.8,0
0.4,30.32,30.0,0.8,0
5.4,34.32,30.0,0.8,0
2.4,31.92,30.0,0.8,0
0.3,30.24,30.0,0.8,0
0.7,30.56,30.0,0.8,0
1.1,30.88,30.0,0.8,0
1.5,31.2,30.0,0.8,0
27.2,51.760000000000005,30.0,0.8,0
42.9,64.32,30.0,0.8,0
7.8,36.24,30.0,0.8,0
8.3,36.64,30.0,0.8,0
3.3,32.64,30.0,0.8,0
2.8,32.24,30.0,0.8,0
4.1,33.28,30.0,0.8,0
5.1,34.08,30.0,0.8,0
3.9,33.12,30.0,0.8,0
1.9,31.52,30.0,0.8,0
0.3,30.24,30.0,0.8,0
0.5,30.4,30.0,0.8,0
1.5,31.2,30.0,0.8,0
2.9,32.32,30.0,0.8,0
3.4,32.72,30.0,0.8,0
1.2,30.96,30.0,0.8,0
0.6,30.48,30.0,0.8,0
0.0,30.0,30.0,0.8,0
0.0,30.0,30.0,0.8,0
0.0,30.0,30.0,0.8,0
0.0,30.0,30.0,0.8,0
0.0,30.0,30.0,0.8,0
0.7,30.56,30.0,0.8,0
2.7,32.16,30.0,0.8,0
2.7,32.16,30.0,0.8,0
3.3,32.64,30.0,0.8,0
0.0,30.0,30.0,0.8,0
0.1,30.08,30.0,0.8,0
3.0,32.4,30.0,0.8,0
0.0,30.0,30.0,0.8,0
0.0,30.0,30.0,0.8,0
0.0,30.0,30.0,0.8,0
0.0,30.0,30.0,0.8,0
0.0,30.0,30.0,0.8,0
3.2,32.56,30.0,0.8,0
0.2,30.16,30.0,0.8,0
0.1,30.08,30.0,0.8,0
0.1,30.08,30.0,0.8,0
0.3,30.24,30.0,0.8,0
0.9,30.72,30.0,0.8,0
0.2,30.16,30.0,0.8,0
0.0,30.0,30.0,0.8,0
1.0,30.8,30.0,0.8,0
0.0,30.0,30.0,0.8,0
0.0,30.0,30.0,0.8,0
0.0,30.0,30.0,0.8,0
0.0,30.0,30.0,0.8,0
0.3,30.24,30.0,0.8,0
10.0,38.0,30.0,0.8,0
18.7,44.96,30.0,0.8,0
3.4,32.72,30.0,0.8,0
1.7,31.36,30.0,0.8,0
4.9,33.92,30.0,0.8,0
0.0,30.0,30.0,0.8,0
0.0,30.0,30.0,0.8,0
0.0,30.0,30.0,0.8,0
0.0,30.0,30.0,0.8,0
0.0,30.0,30.0,0.8,0
0.0,30.0,30.0,0.8,0
0.0,30.0,30.0,0.8,0
0.0,30.0,30.0,0.8,0
0.1,30.08,30.0,0.8,0
0.0,30.0,30.0,0.8,0
0.8,30.64,30.0,0.8,0
2.2,31.76,30.0,0.8,0
1.5,31.2,30.0,0.8,0
0.1,30.08,30.0,0.8,0
10.8,38.64,30.0,0.8,0
5.5,34.4,30.0,0.8,0
1.0,30.8,30.0,0.8,0
0.0,30.0,30.0,0.8,0
0.4,30.32,30.0,0.8,0
13.3,40.64,30.0,0.8,0
3.4,32.72,30.0,0.8,0
0.1,30.08,30.0,0.8,0
0.0,30.0,30.0,0.8,0
0.0,30.0,30.0,0.8,0
0.9,30.72,30.0,0.8,0
0.0,30.0,30.0,0.8,0
0.0,30.0,30.0,0.8,0
0.0,30.0,30.0,0.8,0
0.0,30.0,30.0,0.8,0
0.1,30.08,30.0,0.8,0
0.0,30.0,30.0,0.8,0
4.0,33.2,30.0,0.8,0
10.0,38.0,30.0,0.8,0
4.4,33.52,30.0,0.8,0
0.4,30.32,30.0,0.8,0
2.4,31.92,30.0,0.8,0
1.0,30.8,30.0,0.8,0
0.0,30.0,30.0,0.8,0
0.3,30.24,30.0,0.8,0
5.8,34.64,30.0,0.8,0
8.2,36.56,30.0,0.8,0
7.9,36.32,30.0,0.8,0
1.0,30.8,30.0,0.8,0
10.3,38.24,30.0,0.8,0
3.6,32.88,30.0,0.8,0
3.5,32.8,30.0,0.8,0
14.0,41.2,30.0,0.8,0
20.7,46.56,30.0,0.8,0
6.7,35.36,30.0,0.8,0
0.0,30.0,30.0,0.8,0
0.0,30.0,30.0,0.8,0
0.1,30.08,30.0,0.8,0
4.3,33.44,30.0,0.8,0
8.2,36.56,30.0,0.8,0
7.3,35.84,30.0,0.8,0
12.1,39.68,30.0,0.8,0
17.0,43.6,30.0,0.8,0
0.7,30.56,30.0,0.8,0
0.4,30.32,30.0,0.8,0
1.7,31.36,30.0,0.8,0
1.5,31.2,30.0,0.8,0
0.8,30.64,30.0,0.8,0
4.4,33.52,30.0,0.8,0
0.8,30.64,30.0,0.8,0
0.0,30.0,30.0,0.8,0
0.0,30.0,30.0,0.8,0
0.0,30.0,30.0,0.8,0
0.0,30.0,30.0,0.8,0
0.3,30.24,30.0,0.8,0
0.0,30.0,30.0,0.8,0
1.1,30.88,30.0,0.8,0
1.3,31.04,30.0,0.8,0
9.4,37.52,30.0,0.8,0
1.2,30.96,30.0,0.8,0
1.5,31.2,30.0,0.8,0
3.7,32.96,30.0,0.8,0
6.6,35.28,30.0,0.8,0
14.4,41.52,30.0,0.8,0
0.3,30.24,30.0,0.8,0
0.9,30.72,30.0,0.8,0
0.1,30.08,30.0,0.8,0
1.6,31.28,30.0,0.8,0
0.8,30.64,30.0,0.8,0
0.0,30.0,30.0,0.8,0
0.0,30.0,30.0,0.8,0
0.0,30.0,30.0,0.8,0
0.0,30.0,30.0,0.8,0
0.0,30.0,30.0,0.8,0
0.0,30.0,30.0,0.8,0
0.0,30.0,30.0,0.8,0
0.0,30.0,30.0,0.8,0
0.0,30.0,30.0,0.8,0
0.0,30.0,30.0,0.8,0
0.0,30.0,30.0,0.8,0
1.1,30.88,30.0,0.8,0
0.0,30.0,30.0,0.8,0
0.0,30.0,30.0,0.8,0
0.0,30.0,30.0,0.8,0
0.2,30.16,30.0,0.8,0
0.1,30.08,30.0,0.8,0
0.1,30.08,30.0,0.8,0
0.8,30.64,30.0,0.8,0
1.6,31.28,30.0,0.8,0
0.3,30.24,30.0,0.8,0
1.8,31.44,30.0,0.8,0
7.3,35.84,30.0,0.8,0
0.0,30.0,30.0,0.8,0
3.0,32.4,30.0,0.8,0
4.0,33.2,30.0,0.8,0
8.9,37.120000000000005,30.0,0.8,0
1.1,30.88,30.0,0.8,0
2.2,31.76,30.0,0.8,0
13.1,40.480000000000004,30.0,0.8,0
0.3,30.24,30.0,0.8,0
5.4,34.32,30.0,0.8,0
0.3,30.24,30.0,0.8,0
2.6,32.08,30.0,0.8,0
27.8,52.24,30.0,0.8,0
7.7,36.16,30.0,0.8,0
17.3,43.84,30.0,0.8,0
16.5,43.2,30.0,0.8,0
19.4,45.519999999999996,30.0,0.8,0
4.7,33.76,30.0,0.8,0
17.6,44.08,30.0,0.8,0
0.7,30.56,30.0,0.8,0
0.8,30.64,30.0,0.8,0
0.0,30.0,30.0,0.8,0
0.2,30.16,30.0,0.8,0
11.9,39.52,30.0,0.8,0
13.3,40.64,30.0,0.8,0
20.9,46.72,30.0,0.8,0
1.9,31.52,30.0,0.8,0
14.1,41.28,30.0,0.8,0
2.3,31.84,30.0,0.8,0
0.1,30.08,30.0,0.8,0
0.0,30.0,30.0,0.8,0
2.8,32.24,30.0,0.8,0
20.3,46.24,30.0,0.8,0
9.6,37.68,30.0,0.8,0
7.9,36.32,30.0,0.8,0
30.3,54.24,30.0,0.8,0
14.6,41.68,30.0,0.8,0
6.5,35.2,30.0,0.8,0
13.3,40.64,30.0,0.8,0
47.9,68.32,30.0,0.8,0
2.9,32.32,30.0,0.8,0
7.9,36.32,30.0,0.8,0
8.2,36.56,30.0,0.8,0
15.5,42.4,30.0,0.8,0
2.9,32.32,30.0,0.8,0
31.1,54.88,30.0,0.8,0
59.1,77.28,30.0,0.8,1
31.1,54.88,30.0,0.8,0
39.0,61.2,30.0,0.8,0
19.7,45.76,30.0,0.8,0
14.4,41.52,30.0,0.8,0
22.1,47.68000000000001,30.0,0.8,0
6.0,34.8,30.0,0.8,0
1.9,31.52,30.0,0.8,0
10.2,38.16,30.0,0.8,0
27.4,51.92,30.0,0.8,0
18.4,44.72,30.0,0.8,0
20.2,46.16,30.0,0.8,0
17.5,44.0,30.0,0.8,0
11.5,39.2,30.0,0.8,0
5.2,34.16,30.0,0.8,0
4.3,33.44,30.0,0.8,0
12.6,40.08,30.0,0.8,0
17.2,43.76,30.0,0.8,0
11.8,39.44,30.0,0.8,0
28.7,52.96,30.0,0.8,0
43.4,64.72,30.0,0.8,0
28.1,52.480000000000004,30.0,0.8,0
46.8,67.44,30.0,0.8,0
39.0,61.2,30.0,0.8,0
40.0,62.0,30.0,0.8,0
20.6,46.480000000000004,30.0,0.8,0
61.2,78.96000000000001,30.0,0.8,1
37.0,59.6,30.0,0.8,0
42.1,63.68,30.0,0.8,0
45.8,66.64,30.0,0.8,0
48.9,69.12,30.0,0.8,0
11.4,39.120000000000005,30.0,0.8,0
35.9,58.72,30.0,0.8,0
11.0,38.8,30.0,0.8,0
7.3,35.84,30.0,0.8,0
28.2,52.56,30.0,0.8,0
36.4,59.120000000000005,30.0,0.8,0
35.6,58.480000000000004,30.0,0.8,0
91.8,95.0,30.0,0.8,1
20.0,46.0,30.0,0.8,0
64.9,81.92000000000002,30.0,0.8,1
58.8,77.03999999999999,30.0,0.8,1
34.1,57.28,30.0,0.8,0
27.0,51.6,30.0,0.8,0
21.4,47.120000000000005,30.0,0.8,0
32.4,55.92,30.0,0.8,0
29.8,53.84,30.0,0.8,0
43.4,64.72,30.0,0.8,0
26.0,50.8,30.0,0.8,0
43.8,65.03999999999999,30.0,0.8,0
34.4,57.519999999999996,30.0,0.8,0
40.7,62.56,30.0,0.8,0
3.4,32.72,30.0,0.8,0
17.9,44.32,30.0,0.8,0
9.2,37.36,30.0,0.8,0
5.3,34.24,30.0,0.8,0
12.3,39.84,30.0,0.8,0
10.8,38.64,30.0,0.8,0
8.6,36.88,30.0,0.8,0
4.7,33.76,30.0,0.8,0
5.9,34.72,30.0,0.8,0
6.3,35.04,30.0,0.8,0
5.6,34.48,30.0,0.8,0
2.2,31.76,30.0,0.8,0
0.7,30.56,30.0,0.8,0
0.5,30.4,30.0,0.8,0
3.6,32.88,30.0,0.8,0
31.9,55.519999999999996,30.0,0.8,0
3.4,32.72,30.0,0.8,0
54.6,73.68,30.0,0.8,0
33.3,56.64,30.0,0.8,0
37.7,60.160000000000004,30.0,0.8,0
9.4,37.52,30.0,0.8,0
6.0,34.8,30.0,0.8,0
12.7,40.16,30.0,0.8,0
33.5,56.8,30.0,0.8,0
66.5,83.2,30.0,0.8,1
36.0,58.8,30.0,0.8,0
43.1,64.48,30.0,0.8,0
27.5,52.0,30.0,0.8,0
37.4,59.92,30.0,0.8,0
61.6,79.28,30.0,0.8,1
16.5,43.2,30.0,0.8,0
24.8,49.84,30.0,0.8,0
27.4,51.92,30.0,0.8,0
34.9,57.92,30.0,0.8,0
16.3,43.04,30.0,0.8,0
15.1,42.08,30.0,0.8,0
1.8,31.44,30.0,0.8,0
1.1,30.88,30.0,0.8,0
2.6,32.08,30.0,0.8,0
11.9,39.52,30.0,0.8,0
4.1,33.28,30.0,0.8,0
2.1,31.68,30.0,0.8,0
1.2,30.96,30.0,0.8,0
20.2,46.16,30.0,0.8,0
5.7,34.56,30.0,0.8,0
1.7,31.36,30.0,0.8,0
2.0,31.6,30.0,0.8,0
1.0,30.8,30.0,0.8,0
0.9,30.72,30.0,0.8,0
23.0,48.400000000000006,30.0,0.8,0
4.6,33.68,30.0,0.8,0
0.2,30.16,30.0,0.8,0
6.5,35.2,30.0,0.8,0
10.3,38.24,30.0,0.8,0
9.8,37.84,30.0,0.8,0
2.7,32.16,30.0,0.8,0
29.9,53.92,30.0,0.8,0
39.3,61.44,30.0,0.8,0
24.5,49.6,30.0,0.8,0
34.3,57.44,30.0,0.8,0
31.1,54.88,30.0,0.8,0
34.4,57.519999999999996,30.0,0.8,0
41.5,63.2,30.0,0.8,0
38.6,60.88,30.0,0.8,0
14.7,41.76,30.0,0.8,0
52.2,71.76,30.0,0.8,0
14.5,41.6,30.0,0.8,0
8.6,36.88,30.0,0.8,0
18.0,44.4,30.0,0.8,0
11.5,39.2,30.0,0.8,0
2.8,32.24,30.0,0.8,0
21.2,46.96,30.0,0.8,0
23.7,48.96,30.0,0.8,0
35.0,58.0,30.0,0.8,0
25.7,50.56,30.0,0.8,0
26.7,51.36,30.0,0.8,0
32.5,56.0,30.0,0.8,0
23.2,48.56,30.0,0.8,0
3.8,33.04,30.0,0.8,0
1.4,31.12,30.0,0.8,0
10.8,38.64,30.0,0.8,0
8.8,37.04,30.0,0.8,0
15.6,42.480000000000004,30.0,0.8,0
21.4,47.120000000000005,30.0,0.8,0
40.5,62.4,30.0,0.8,0
21.8,47.44,30.0,0.8,0
18.0,44.4,30.0,0.8,0
18.8,45.04,30.0,0.8,0
15.9,42.72,30.0,0.8,0
10.7,38.56,30.0,0.8,0
2.9,32.32,30.0,0.8,0
5.0,34.0,30.0,0.8,0
1.5,31.2,30.0,0.8,0
16.5,43.2,30.0,0.8,0
18.8,45.04,30.0,0.8,0
27.3,51.84,30.0,0.8,0
22.1,47.68000000000001,30.0,0.8,0
17.7,44.16,30.0,0.8,0
13.5,40.8,30.0,0.8,0
31.6,55.28,30.0,0.8,0
21.3,47.040000000000006,30.0,0.8,0
15.4,42.32,30.0,0.8,0
44.4,65.52000000000001,30.0,0.8,0
32.1,55.68000000000001,30.0,0.8,0
21.1,46.88,30.0,0.8,0
0.3,30.24,30.0,0.8,0
1.2,30.96,30.0,0.8,0
1.8,31.44,30.0,0.8,0
4.5,33.6,30.0,0.8,0
0.7,30.56,30.0,0.8,0
0.0,30.0,30.0,0.8,0
0.0,30.0,30.0,0.8,0
0.0,30.0,30.0,0.8,0
0.9,30.72,30.0,0.8,0
29.3,53.44,30.0,0.8,0
8.4,36.72,30.0,0.8,0
12.4,39.92,30.0,0.8,0
3.3,32.64,30.0,0.8,0
0.0,30.0,30.0,0.8,0
0.0,30.0,30.0,0.8,0
0.0,30.0,30.0,0.8,0
0.0,30.0,30.0,0.8,0
0.0,30.0,30.0,0.8,0
0.0,30.0,30.0,0.8,0
0.0,30.0,30.0,0.8,0
0.7,30.56,30.0,0.8,0
0.9,30.72,30.0,0.8,0
1.3,31.04,30.0,0.8,0
1.5,31.2,30.0,0.8,0
0.0,30.0,30.0,0.8,0
0.0,30.0,30.0,0.8,0
0.0,30.0,30.0,0.8,0
0.0,30.0,30.0,0.8,0
1.7,31.36,30.0,0.8,0
0.1,30.08,30.0,0.8,0
0.0,30.0,30.0,0.8,0
0.0,30.0,30.0,0.8,0
0.0,30.0,30.0,0.8,0
0.0,30.0,30.0,0.8,0
0.0,30.0,30.0,0.8,0
0.0,30.0,30.0,0.8,0
0.0,30.0,30.0,0.8,0
0.0,30.0,30.0,0.8,0
0.0,30.0,30.0,0.8,0
0.0,30.0,30.0,0.8,0
0.0,30.0,30.0,0.8,0
0.0,30.0,30.0,0.8,0
0.0,30.0,30.0,0.8,0
0.4,30.32,30.0,0.8,0
3.8,33.04,30.0,0.8,0
4.8,33.84,30.0,0.8,0
8.9,37.120000000000005,30.0,0.8,0
2.3,31.84,30.0,0.8,0
0.0,30.0,30.0,0.8,0
0.0,30.0,30.0,0.8,0
0.0,30.0,30.0,0.8,0
0.0,30.0,30.0,0.8,0
0.0,30.0,30.0,0.8,0
0.0,30.0,30.0,0.8,0
0.0,30.0,30.0,0.8,0
0.0,30.0,30.0,0.8,0
0.0,30.0,30.0,0.8,0
0.0,30.0,30.0,0.8,0
0.0,30.0,30.0,0.8,0
0.0,30.0,30.0,0.8,0
0.2,30.16,30.0,0.8,0
0.3,30.24,30.0,0.8,0
0.1,30.08,30.0,0.8,0
0.0,30.0,30.0,0.8,0
0.0,30.0,30.0,0.8,0
1.9,31.52,30.0,0.8,0
1.5,31.2,30.0,0.8,0
0.1,30.08,30.0,0.8,0
0.0,30.0,30.0,0.8,0
0.0,30.0,30.0,0.8,0
0.0,30.0,30.0,0.8,0
0.5,30.4,30.0,0.8,0
11.1,38.88,30.0,0.8,0
10.0,38.0,30.0,0.8,0
3.9,33.12,30.0,0.8,0
0.0,30.0,30.0,0.8,0
0.1,30.08,30.0,0.8,0
4.3,33.44,30.0,0.8,0
0.0,30.0,30.0,0.8,0
0.2,30.16,30.0,0.8,0
0.0,30.0,30.0,0.8,0
0.0,30.0,30.0,0.8,0
0.0,30.0,30.0,0.8,0
0.0,30.0,30.0,0.8,0
0.6,30.48,30.0,0.8,0
0.0,30.0,30.0,0.8,0
0.0,30.0,30.0,0.8,0
0.0,30.0,30.0,0.8,0
1.1,30.88,30.0,0.8,0
0.4,30.32,30.0,0.8,0
0.1,30.08,30.0,0.8,0
0.3,30.24,30.0,0.8,0
0.2,30.16,30.0,0.8,0
0.0,30.0,30.0,0.8,0
0.9,30.72,30.0,0.8,0
0.1,30.08,30.0,0.8,0
0.0,30.0,30.0,0.8,0
0.0,30.0,30.0,0.8,0
0.0,30.0,30.0,0.8,0
0.0,30.0,30.0,0.8,0
0.0,30.0,30.0,0.8,0
0.0,30.0,30.0,0.8,0
0.0,30.0,30.0,0.8,0
0.0,30.0,30.0,0.8,0
0.0,30.0,30.0,0.8,0
0.0,30.0,30.0,0.8,0
0.0,30.0,30.0,0.8,0
0.0,30.0,30.0,0.8,0
0.0,30.0,30.0,0.8,0
0.0,30.0,30.0,0.8,0
0.0,30.0,30.0,0.8,0
0.0,30.0,30.0,0.8,0
0.0,30.0,30.0,0.8,0
0.1,30.08,30.0,0.8,0
0.0,30.0,30.0,0.8,0
0.0,30.0,30.0,0.8,0
1.4,31.12,30.0,0.8,0
3.9,33.12,30.0,0.8,0
3.0,32.4,30.0,0.8,0
0.2,30.16,30.0,0.8,0
0.0,30.0,30.0,0.8,0
4.1,33.28,30.0,0.8,0
0.0,30.0,30.0,0.8,0
1.2,30.96,30.0,0.8,0
1.3,31.04,30.0,0.8,0
0.0,30.0,30.0,0.8,0
0.0,30.0,30.0,0.8,0
0.3,30.24,30.0,0.8,0
3.3,32.64,30.0,0.8,0
5.0,34.0,30.0,0.8,0
0.5,30.4,30.0,0.8,0
0.5,30.4,30.0,0.8,0
2.0,31.6,30.0,0.8,0
11.5,39.2,30.0,0.8,0
0.1,30.08,30.0,0.8,0
1.1,30.88,30.0,0.8,0
1.3,31.04,30.0,0.8,0
0.1,30.08,30.0,0.8,0
0.4,30.32,30.0,0.8,0
2.1,31.68,30.0,0.8,0
0.1,30.08,30.0,0.8,0
0.2,30.16,30.0,0.8,0
2.9,32.32,30.0,0.8,0
0.0,30.0,30.0,0.8,0
0.0,30.0,30.0,0.8,0
0.0,30.0,30.0,0.8,0
0.0,30.0,30.0,0.8,0
0.0,30.0,30.0,0.8,0
0.7,30.56,30.0,0.8,0
0.4,30.32,30.0,0.8,0
0.1,30.08,30.0,0.8,0
0.6,30.48,30.0,0.8,0
0.8,30.64,30.0,0.8,0
1.7,31.36,30.0,0.8,0
9.3,37.44,30.0,0.8,0
10.7,38.56,30.0,0.8,0
27.3,51.84,30.0,0.8,0
11.4,39.120000000000005,30.0,0.8,0
5.8,34.64,30.0,0.8,0
3.1,32.480000000000004,30.0,0.8,0
1.7,31.36,30.0,0.8,0
0.4,30.32,30.0,0.8,0
0.6,30.48,30.0,0.8,0
1.4,31.12,30.0,0.8,0
2.0,31.6,30.0,0.8,0
0.2,30.16,30.0,0.8,0
5.1,34.08,30.0,0.8,0
1.3,31.04,30.0,0.8,0
7.9,36.32,30.0,0.8,0
2.7,32.16,30.0,0.8,0
5.9,34.72,30.0,0.8,0
0.8,30.64,30.0,0.8,0
7.0,35.6,30.0,0.8,0
0.0,30.0,30.0,0.8,0
0.0,30.0,30.0,0.8,0
0.0,30.0,30.0,0.8,0
0.0,30.0,30.0,0.8,0
0.1,30.08,30.0,0.8,0
0.0,30.0,30.0,0.8,0
0.0,30.0,30.0,0.8,0
0.0,30.0,30.0,0.8,0
0.0,30.0,30.0,0.8,0
0.0,30.0,30.0,0.8,0
0.4,30.32,30.0,0.8,0
0.3,30.24,30.0,0.8,0
0.2,30.16,30.0,0.8,0
0.8,30.64,30.0,0.8,0
1.8,31.44,30.0,0.8,0
2.0,31.6,30.0,0.8,0
1.7,31.36,30.0,0.8,0
20.6,46.480000000000004,30.0,0.8,0
11.2,38.96,30.0,0.8,0
9.8,37.84,30.0,0.8,0
10.2,38.16,30.0,0.8,0
4.3,33.44,30.0,0.8,0
1.5,31.2,30.0,0.8,0
5.7,34.56,30.0,0.8,0
2.4,31.92,30.0,0.8,0
37.3,59.84,30.0,0.8,0
5.8,34.64,30.0,0.8,0
13.5,40.8,30.0,0.8,0
25.4,50.32,30.0,0.8,0
2.3,31.84,30.0,0.8,0
0.0,30.0,30.0,0.8,0
0.4,30.32,30.0,0.8,0
0.0,30.0,30.0,0.8,0
0.3,30.24,30.0,0.8,0
0.3,30.24,30.0,0.8,0
0.6,30.48,30.0,0.8,0
0.3,30.24,30.0,0.8,0
0.0,30.0,30.0,0.8,0
32.0,55.6,30.0,0.8,0
24.8,49.84,30.0,0.8,0
2.6,32.08,30.0,0.8,0
7.9,36.32,30.0,0.8,0
23.9,49.120000000000005,30.0,0.8,0
14.8,41.84,30.0,0.8,0
4.0,33.2,30.0,0.8,0
2.7,32.16,30.0,0.8,0
20.1,46.08,30.0,0.8,0
1.6,31.28,30.0,0.8,0
31.7,55.36,30.0,0.8,0
3.7,32.96,30.0,0.8,0
17.8,44.24,30.0,0.8,0
16.1,42.88,30.0,0.8,0
2.3,31.84,30.0,0.8,0
5.7,34.56,30.0,0.8,0
1.7,31.36,30.0,0.8,0
2.7,32.16,30.0,0.8,0
2.2,31.76,30.0,0.8,0
1.5,31.2,30.0,0.8,0
1.5,31.2,30.0,0.8,0
0.6,30.48,30.0,0.8,0
4.2,33.36,30.0,0.8,0
12.8,40.24,30.0,0.8,0
8.8,37.04,30.0,0.8,0
25.5,50.400000000000006,30.0,0.8,0
20.9,46.72,30.0,0.8,0
14.5,41.6,30.0,0.8,0
38.0,60.400000000000006,30.0,0.8,0
55.3,74.24000000000001,30.0,0.8,1
69.1,85.28,30.0,0.8,1
13.9,41.120000000000005,30.0,0.8,0
10.8,38.64,30.0,0.8,0
3.1,32.480000000000004,30.0,0.8,0
4.3,33.44,30.0,0.8,0
4.2,33.36,30.0,0.8,0
59.9,77.92,30.0,0.8,1
2.5,32.0,30.0,0.8,0
28.9,53.120000000000005,30.0,0.8,0
36.7,59.36,30.0,0.8,0
17.7,44.16,30.0,0.8,0
3.8,33.04,30.0,0.8,0
8.6,36.88,30.0,0.8,0
17.4,43.92,30.0,0.8,0
37.1,59.68000000000001,30.0,0.8,0
72.7,88.16,30.0,0.8,1
67.8,84.24000000000001,30.0,0.8,1
34.7,57.760000000000005,30.0,0.8,0
40.9,62.72,30.0,0.8,0
47.9,68.32,30.0,0.8,0
63.8,81.03999999999999,30.0,0.8,1
54.4,73.52000000000001,30.0,0.8,0
58.7,76.96000000000001,30.0,0.8,1
38.8,61.04,30.0,0.8,0
56.5,75.2,30.0,0.8,1
38.8,61.04,30.0,0.8,0
22.9,48.32,30.0,0.8,0
61.3,79.03999999999999,30.0,0.8,1
63.3,80.64,30.0,0.8,1
40.5,62.4,30.0,0.8,0
51.0,70.80000000000001,30.0,0.8,0
60.6,78.48,30.0,0.8,1
21.3,47.040000000000006,30.0,0.8,0
29.1,53.28,30.0,0.8,0
4.8,33.84,30.0,0.8,0
4.2,33.36,30.0,0.8,0
6.9,35.52,30.0,0.8,0
6.4,35.120000000000005,30.0,0.8,0
16.2,42.96,30.0,0.8,0
13.3,40.64,30.0,0.8,0
42.9,64.32,30.0,0.8,0
37.6,60.08,30.0,0.8,0
44.1,65.28,30.0,0.8,0
67.0,83.6,30.0,0.8,1
50.9,70.72,30.0,0.8,0
60.7,78.56,30.0,0.8,1
27.2,51.760000000000005,30.0,0.8,0
6.6,35.28,30.0,0.8,0
5.7,34.56,30.0,0.8,0
0.3,30.24,30.0,0.8,0
30.6,54.480000000000004,30.0,0.8,0
39.8,61.84,30.0,0.8,0
73.8,89.03999999999999,30.0,0.8,1
16.2,42.96,30.0,0.8,0
98.8,95.0,30.0,0.8,1
40.8,62.64,30.0,0.8,0
33.6,56.88,30.0,0.8,0
25.0,50.0,30.0,0.8,0
20.0,46.0,30.0,0.8,0
29.8,53.84,30.0,0.8,0
47.3,67.84,30.0,0.8,0
26.3,51.040000000000006,30.0,0.8,0
18.7,44.96,30.0,0.8,0
24.7,49.760000000000005,30.0,0.8,0
3.0,32.4,30.0,0.8,0
4.8,33.84,30.0,0.8,0
18.1,44.480000000000004,30.0,0.8,0
39.1,61.28,30.0,0.8,0
21.1,46.88,30.0,0.8,0
25.1,50.08,30.0,0.8,0
24.7,49.760000000000005,30.0,0.8,0
39.5,61.6,30.0,0.8,0
44.8,65.84,30.0,0.8,0
28.7,52.96,30.0,0.8,0
46.5,67.2,30.0,0.8,0
40.0,62.0,30.0,0.8,0
50.0,70.0,30.0,0.8,0
1.9,31.52,30.0,0.8,0
2.6,32.08,30.0,0.8,0
18.9,45.12,30.0,0.8,0
0.3,30.24,30.0,0.8,0
6.1,34.88,30.0,0.8,0
0.0,30.0,30.0,0.8,0
0.1,30.08,30.0,0.8,0
0.4,30.32,30.0,0.8,0
0.4,30.32,30.0,0.8,0
2.9,32.32,30.0,0.8,0
32.7,56.160000000000004,30.0,0.8,0
8.1,36.480000000000004,30.0,0.8,0
9.8,37.84,30.0,0.8,0
16.0,42.8,30.0,0.8,0
10.6,38.480000000000004,30.0,0.8,0
13.0,40.4,30.0,0.8,0
3.4,32.72,30.0,0.8,0
4.0,33.2,30.0,0.8,0
3.1,32.480000000000004,30.0,0.8,0
1.1,30.88,30.0,0.8,0
2.5,32.0,30.0,0.8,0
7.9,36.32,30.0,0.8,0
48.0,68.4,30.0,0.8,0
37.0,59.6,30.0,0.8,0
48.4,68.72,30.0,0.8,0
42.9,64.32,30.0,0.8,0
21.9,47.519999999999996,30.0,0.8,0
15.5,42.4,30.0,0.8,0
17.3,43.84,30.0,0.8,0
8.1,36.480000000000004,30.0,0.8,0
8.9,37.120000000000005,30.0,0.8,0
0.1,30.08,30.0,0.8,0
0.6,30.48,30.0,0.8,0
17.0,43.6,30.0,0.8,0
12.8,40.24,30.0,0.8,0
18.1,44.480000000000004,30.0,0.8,0
29.0,53.2,30.0,0.8,0
6.0,34.8,30.0,0.8,0
16.0,42.8,30.0,0.8,0
37.2,59.760000000000005,30.0,0.8,0
16.5,43.2,30.0,0.8,0
13.4,40.72,30.0,0.8,0
8.8,37.04,30.0,0.8,0
3.1,32.480000000000004,30.0,0.8,0
5.9,34.72,30.0,0.8,0
1.1,30.88,30.0,0.8,0
9.3,37.44,30.0,0.8,0
4.5,33.6,30.0,0.8,0
1.8,31.44,30.0,0.8,0
3.4,32.72,30.0,0.8,0
6.0,34.8,30.0,0.8,0
1.8,31.44,30.0,0.8,0
3.9,33.12,30.0,0.8,0
0.3,30.24,30.0,0.8,0
0.2,30.16,30.0,0.8,0
0.3,30.24,30.0,0.8,0
5.9,34.72,30.0,0.8,0
10.0,38.0,30.0,0.8,0
12.4,39.92,30.0,0.8,0
3.1,32.480000000000004,30.0,0.8,0
2.6,32.08,30.0,0.8,0
0.2,30.16,30.0,0.8,0
0.2,30.16,30.0,0.8,0
0.6,30.48,30.0,0.8,0
0.2,30.16,30.0,0.8,0
0.0,30.0,30.0,0.8,0
0.6,30.48,30.0,0.8,0
11.1,38.88,30.0,0.8,0
0.4,30.32,30.0,0.8,0
3.3,32.64,30.0,0.8,0
0.0,30.0,30.0,0.8,0
1.7,31.36,30.0,0.8,0
0.2,30.16,30.0,0.8,0
0.1,30.08,30.0,0.8,0
0.0,30.0,30.0,0.8,0
0.2,30.16,30.0,0.8,0
0.0,30.0,30.0,0.8,0
0.1,30.08,30.0,0.8,0
0.9,30.72,30.0,0.8,0
3.6,32.88,30.0,0.8,0
46.2,66.96000000000001,30.0,0.8,0
24.4,49.519999999999996,30.0,0.8,0
0.0,30.0,30.0,0.8,0
0.0,30.0,30.0,0.8,0
0.0,30.0,30.0,0.8,0
1.8,31.44,30.0,0.8,0
0.8,30.64,30.0,0.8,0
0.0,30.0,30.0,0.8,0
0.0,30.0,30.0,0.8,0
0.0,30.0,30.0,0.8,0
0.0,30.0,30.0,0.8,0
0.0,30.0,30.0,0.8,0
0.0,30.0,30.0,0.8,0
0.0,30.0,30.0,0.8,0
0.0,30.0,30.0,0.8,0
1.2,30.96,30.0,0.8,0
0.0,30.0,30.0,0.8,0
0.2,30.16,30.0,0.8,0
0.0,30.0,30.0,0.8,0
0.5,30.4,30.0,0.8,0
26.1,50.88,30.0,0.8,0
22.2,47.760000000000005,30.0,0.8,0
12.0,39.6,30.0,0.8,0
14.3,41.44,30.0,0.8,0
0.6,30.48,30.0,0.8,0
1.9,31.52,30.0,0.8,0
1.7,31.36,30.0,0.8,0
0.3,30.24,30.0,0.8,0
0.0,30.0,30.0,0.8,0
0.0,30.0,30.0,0.8,0
0.1,30.08,30.0,0.8,0
0.0,30.0,30.0,0.8,0
0.0,30.0,30.0,0.8,0
0.0,30.0,30.0,0.8,0
0.0,30.0,30.0,0.8,0
0.0,30.0,30.0,0.8,0
0.0,30.0,30.0,0.8,0
17.6,44.08,30.0,0.8,0
3.1,32.480000000000004,30.0,0.8,0
0.3,30.24,30.0,0.8,0
0.0,30.0,30.0,0.8,0
0.8,30.64,30.0,0.8,0
0.0,30.0,30.0,0.8,0
0.8,30.64,30.0,0.8,0
0.5,30.4,30.0,0.8,0
